name,JHipsterRegister,Docker,applicationType,authenticationType,hibernateCache,clusteredHttpSession,websocket,databaseType,devDatabaseType,prodDatabaseType,buildTool,searchEngine,enableSocialSignIn,useSass,enableTranslation,Generate,Compile,Log.Compile,Build,protractor,cucumber,gatling,Log.Gen,Bug
1,jhipster1,X,monolith,session,no,hazelcast,spring-websocket,sql,DiskBased,mariadb,gradle,elasticsearch,,,,OK,OK,NA,KO,X,X,X,ExceptionHandlingAsyncTaskExecutor.java;ExceptionTranslator.java;,BUG:mariadbWithGradle
2,jhipster1,,monolith,session,no,hazelcast,spring-websocket,sql,DiskBased,mariadb,gradle,elasticsearch,,,,OK,OK,NA,KO,X,X,X,ExceptionHandlingAsyncTaskExecutor.java;ExceptionTranslator.java;,BUG:mariadbWithGradle
3,jhipster2,X,monolith,jwt,no,no,spring-websocket,mongodb,mongodb,mongodb,gradle,no,,,X,OK,OK,NA,OK,X,X,X,ExceptionHandlingAsyncTaskExecutor.java;ExceptionTranslator.java;,NA
4,jhipster2,,monolith,jwt,no,no,spring-websocket,mongodb,mongodb,mongodb,gradle,no,,,X,OK,OK,NA,OK,X,X,X,ExceptionHandlingAsyncTaskExecutor.java;ExceptionTranslator.java;,NA
5,jhipster3,X,monolith,jwt,no,hazelcast,spring-websocket,sql,DiskBased,mysql,maven,elasticsearch,,X,X,OK,OK,NA,OK,X,X,X,ExceptionHandlingAsyncTaskExecutor.java;ExceptionTranslator.java;,NA
6,jhipster3,,monolith,jwt,no,hazelcast,spring-websocket,sql,DiskBased,mysql,maven,elasticsearch,,X,X,OK,OK,NA,OK,X,X,X,ExceptionHandlingAsyncTaskExecutor.java;ExceptionTranslator.java;,NA
7,jhipster4,X,monolith,jwt,hazelcast,hazelcast,no,sql,mariadb,mariadb,gradle,no,,X,,OK,OK,NA,KO,X,X,X,ExceptionHandlingAsyncTaskExecutor.java;ExceptionTranslator.java;,BUG:mariadbWithDocker
8,jhipster4,,monolith,jwt,hazelcast,hazelcast,no,sql,mariadb,mariadb,gradle,no,,X,,OK,OK,NA,KO,X,X,X,ExceptionHandlingAsyncTaskExecutor.java;ExceptionTranslator.java;,BUG:mariadbWithGradle
9,jhipster5,X,monolith,session,no,hazelcast,spring-websocket,sql,InMemory,mysql,gradle,elasticsearch,,X,X,OK,OK,NA,OK,X,X,X,ExceptionHandlingAsyncTaskExecutor.java;ExceptionTranslator.java;,NA
10,jhipster5,,monolith,session,no,hazelcast,spring-websocket,sql,InMemory,mysql,gradle,elasticsearch,,X,X,OK,OK,NA,OK,X,X,X,ExceptionHandlingAsyncTaskExecutor.java;ExceptionTranslator.java;,NA
11,jhipster6,X,gateway,uaa,no,no,spring-websocket,sql,InMemory,mariadb,maven,elasticsearch,,,,OK,OK,NA,KO,X,X,X,ExceptionHandlingAsyncTaskExecutor.java;ExceptionTranslator.java;,BUG:UAAAuthenticationWithDocker
12,jhipster6,,gateway,uaa,no,no,spring-websocket,sql,InMemory,mariadb,maven,elasticsearch,,,,OK,OK,NA,KO,X,X,X,ExceptionHandlingAsyncTaskExecutor.java;ExceptionTranslator.java;,BUG:UAAAuthenticationWithEhcache
13,jhipster7,X,monolith,session,no,no,no,sql,InMemory,mysql,gradle,elasticsearch,,,X,OK,OK,NA,OK,X,X,X,ExceptionHandlingAsyncTaskExecutor.java;ExceptionTranslator.java;,NA
14,jhipster7,,monolith,session,no,no,no,sql,InMemory,mysql,gradle,elasticsearch,,,X,OK,OK,NA,OK,X,X,X,ExceptionHandlingAsyncTaskExecutor.java;ExceptionTranslator.java;,NA
15,jhipster8,X,monolith,session,no,no,spring-websocket,sql,DiskBased,mariadb,maven,no,,,X,OK,OK,NA,KO,X,X,X,ExceptionHandlingAsyncTaskExecutor.java;ExceptionTranslator.java;,BUG:mariadbWithDocker
16,jhipster8,,monolith,session,no,no,spring-websocket,sql,DiskBased,mariadb,maven,no,,,X,OK,OK,NA,OK,X,X,X,ExceptionHandlingAsyncTaskExecutor.java;ExceptionTranslator.java;,NA
17,jhipster9,X,gateway,jwt,ehcache,hazelcast,spring-websocket,sql,InMemory,postgresql,maven,no,,X,X,OK,OK,NA,OK,X,X,X,ExceptionHandlingAsyncTaskExecutor.java;ExceptionTranslator.java;,NA
18,jhipster9,,gateway,jwt,ehcache,hazelcast,spring-websocket,sql,InMemory,postgresql,maven,no,,X,X,OK,OK,NA,OK,X,X,X,ExceptionHandlingAsyncTaskExecutor.java;ExceptionTranslator.java;,NA
19,jhipster10,X,gateway,jwt,ehcache,no,spring-websocket,sql,DiskBased,mysql,gradle,no,,,X,OK,OK,NA,OK,X,X,X,ExceptionHandlingAsyncTaskExecutor.java;ExceptionTranslator.java;,NA
20,jhipster10,,gateway,jwt,ehcache,no,spring-websocket,sql,DiskBased,mysql,gradle,no,,,X,OK,OK,NA,OK,X,X,X,ExceptionHandlingAsyncTaskExecutor.java;ExceptionTranslator.java;,NA
21,jhipster11,X,monolith,session,no,no,no,sql,mysql,mysql,gradle,no,X,X,X,OK,OK,NA,OK,X,X,X,ExceptionHandlingAsyncTaskExecutor.java;ExceptionTranslator.java;,NA
22,jhipster11,,monolith,session,no,no,no,sql,mysql,mysql,gradle,no,X,X,X,OK,OK,NA,OK,X,X,X,ExceptionHandlingAsyncTaskExecutor.java;ExceptionTranslator.java;,NA
23,jhipster12,X,gateway,jwt,hazelcast,no,spring-websocket,sql,DiskBased,mariadb,gradle,no,,,,OK,OK,NA,KO,X,X,X,ExceptionHandlingAsyncTaskExecutor.java;ExceptionTranslator.java;,BUG:mariadbWithGradle
24,jhipster12,,gateway,jwt,hazelcast,no,spring-websocket,sql,DiskBased,mariadb,gradle,no,,,,OK,OK,NA,KO,X,X,X,ExceptionHandlingAsyncTaskExecutor.java;ExceptionTranslator.java;,BUG:mariadbWithGradle
25,jhipster13,X,gateway,jwt,hazelcast,hazelcast,no,sql,postgresql,postgresql,maven,no,,,,OK,OK,NA,OK,X,X,X,ExceptionHandlingAsyncTaskExecutor.java;ExceptionTranslator.java;,NA
26,jhipster13,,gateway,jwt,hazelcast,hazelcast,no,sql,postgresql,postgresql,maven,no,,,,OK,OK,NA,OK,X,X,X,ExceptionHandlingAsyncTaskExecutor.java;ExceptionTranslator.java;,NA
27,jhipster14,X,monolith,jwt,ehcache,hazelcast,no,sql,DiskBased,mysql,maven,no,,,X,OK,OK,NA,OK,X,X,X,ExceptionHandlingAsyncTaskExecutor.java;ExceptionTranslator.java;,NA
28,jhipster14,,monolith,jwt,ehcache,hazelcast,no,sql,DiskBased,mysql,maven,no,,,X,OK,OK,NA,OK,X,X,X,ExceptionHandlingAsyncTaskExecutor.java;ExceptionTranslator.java;,NA
29,jhipster15,X,monolith,oauth2,hazelcast,hazelcast,no,sql,postgresql,postgresql,maven,no,,,X,OK,OK,NA,KO,X,X,X,ExceptionHandlingAsyncTaskExecutor.java;ExceptionTranslator.java;,BUG:OAUTH2
30,jhipster15,,monolith,oauth2,hazelcast,hazelcast,no,sql,postgresql,postgresql,maven,no,,,X,OK,OK,NA,OK,X,X,X,ExceptionHandlingAsyncTaskExecutor.java;ExceptionTranslator.java;,NA
31,jhipster16,X,monolith,oauth2,no,no,spring-websocket,sql,mysql,mysql,maven,no,,,,OK,OK,NA,OK,X,X,X,ExceptionHandlingAsyncTaskExecutor.java;ExceptionTranslator.java;,NA
32,jhipster16,,monolith,oauth2,no,no,spring-websocket,sql,mysql,mysql,maven,no,,,,OK,OK,NA,OK,X,X,X,ExceptionHandlingAsyncTaskExecutor.java;ExceptionTranslator.java;,NA
33,jhipster17,X,monolith,oauth2,no,no,spring-websocket,sql,DiskBased,mysql,maven,no,,X,,OK,OK,NA,OK,X,X,X,ExceptionHandlingAsyncTaskExecutor.java;ExceptionTranslator.java;,NA
34,jhipster17,,monolith,oauth2,no,no,spring-websocket,sql,DiskBased,mysql,maven,no,,X,,OK,OK,NA,OK,X,X,X,ExceptionHandlingAsyncTaskExecutor.java;ExceptionTranslator.java;,NA
35,jhipster18,X,monolith,jwt,no,no,spring-websocket,sql,DiskBased,postgresql,gradle,no,,,X,OK,OK,NA,OK,X,X,X,ExceptionHandlingAsyncTaskExecutor.java;ExceptionTranslator.java;,NA
36,jhipster18,,monolith,jwt,no,no,spring-websocket,sql,DiskBased,postgresql,gradle,no,,,X,OK,OK,NA,OK,X,X,X,ExceptionHandlingAsyncTaskExecutor.java;ExceptionTranslator.java;,NA
37,jhipster19,X,gateway,jwt,ehcache,no,no,sql,DiskBased,mariadb,gradle,elasticsearch,,X,,OK,OK,NA,KO,X,X,X,ExceptionHandlingAsyncTaskExecutor.java;ExceptionTranslator.java;,BUG:mariadbWithGradle
38,jhipster19,,gateway,jwt,ehcache,no,no,sql,DiskBased,mariadb,gradle,elasticsearch,,X,,OK,OK,NA,KO,X,X,X,ExceptionHandlingAsyncTaskExecutor.java;ExceptionTranslator.java;,BUG:mariadbWithGradle
39,jhipster20,X,monolith,session,ehcache,hazelcast,no,sql,mysql,mysql,maven,no,X,,X,OK,OK,NA,OK,X,X,X,ExceptionHandlingAsyncTaskExecutor.java;ExceptionTranslator.java;,NA
40,jhipster20,,monolith,session,ehcache,hazelcast,no,sql,mysql,mysql,maven,no,X,,X,OK,OK,NA,OK,X,X,X,ExceptionHandlingAsyncTaskExecutor.java;ExceptionTranslator.java;,NA
41,jhipster21,X,monolith,session,ehcache,hazelcast,no,sql,DiskBased,mariadb,maven,elasticsearch,,X,,OK,OK,NA,OK,X,X,X,ExceptionHandlingAsyncTaskExecutor.java;ExceptionTranslator.java;,NA
42,jhipster21,,monolith,session,ehcache,hazelcast,no,sql,DiskBased,mariadb,maven,elasticsearch,,X,,OK,OK,NA,OK,X,X,X,ExceptionHandlingAsyncTaskExecutor.java;ExceptionTranslator.java;,NA
43,jhipster22,X,gateway,uaa,no,no,no,mongodb,mongodb,mongodb,maven,no,,,X,OK,OK,NA,KO,X,X,X,ExceptionHandlingAsyncTaskExecutor.java;ExceptionTranslator.java;,BUG:UAAAuthenticationWithDocker
44,jhipster22,,gateway,uaa,no,no,no,mongodb,mongodb,mongodb,maven,no,,,X,OK,OK,NA,KO,X,X,X,ExceptionHandlingAsyncTaskExecutor.java;ExceptionTranslator.java;,BUG:UAAAuthenticationWithEhcache
45,jhipster23,X,gateway,uaa,ehcache,no,no,sql,mysql,mysql,maven,no,,,X,OK,OK,NA,KO,X,X,X,ExceptionHandlingAsyncTaskExecutor.java;ExceptionTranslator.java;,BUG:UAAAuthenticationWithDocker
46,jhipster23,,gateway,uaa,ehcache,no,no,sql,mysql,mysql,maven,no,,,X,OK,OK,NA,KO,X,X,X,ExceptionHandlingAsyncTaskExecutor.java;ExceptionTranslator.java;,BUG:UAAAuthenticationWithEhcache
47,jhipster24,X,monolith,oauth2,ehcache,hazelcast,no,sql,DiskBased,postgresql,gradle,no,,,,OK,OK,NA,KO,X,X,X,ExceptionHandlingAsyncTaskExecutor.java;ExceptionTranslator.java;,BUG:OAUTH2
48,jhipster24,,monolith,oauth2,ehcache,hazelcast,no,sql,DiskBased,postgresql,gradle,no,,,,OK,OK,NA,OK,X,X,X,ExceptionHandlingAsyncTaskExecutor.java;ExceptionTranslator.java;,NA
49,jhipster25,X,gateway,jwt,hazelcast,hazelcast,no,sql,InMemory,mariadb,maven,no,,X,,OK,OK,NA,OK,X,X,X,ExceptionHandlingAsyncTaskExecutor.java;ExceptionTranslator.java;,NA
50,jhipster25,,gateway,jwt,hazelcast,hazelcast,no,sql,InMemory,mariadb,maven,no,,X,,OK,OK,NA,OK,X,X,X,ExceptionHandlingAsyncTaskExecutor.java;ExceptionTranslator.java;,NA
51,jhipster26,X,gateway,uaa,hazelcast,no,spring-websocket,sql,DiskBased,mysql,maven,no,,,X,OK,OK,NA,KO,X,X,X,ExceptionHandlingAsyncTaskExecutor.java;ExceptionTranslator.java;,BUG:UAAAuthenticationWithDocker
52,jhipster26,,gateway,uaa,hazelcast,no,spring-websocket,sql,DiskBased,mysql,maven,no,,,X,OK,OK,NA,KO,X,X,X,ExceptionHandlingAsyncTaskExecutor.java;ExceptionTranslator.java;,BUG:UAAAuthenticationWithEhcache
53,jhipster27,X,monolith,jwt,ehcache,no,spring-websocket,sql,InMemory,postgresql,maven,no,,,,OK,OK,NA,OK,X,X,X,ExceptionHandlingAsyncTaskExecutor.java;ExceptionTranslator.java;,NA
54,jhipster27,,monolith,jwt,ehcache,no,spring-websocket,sql,InMemory,postgresql,maven,no,,,,OK,OK,NA,OK,X,X,X,ExceptionHandlingAsyncTaskExecutor.java;ExceptionTranslator.java;,NA
55,jhipster28,X,monolith,jwt,hazelcast,no,no,sql,DiskBased,mysql,gradle,no,X,X,,OK,OK,NA,OK,X,X,X,ExceptionHandlingAsyncTaskExecutor.java;ExceptionTranslator.java;,NA
56,jhipster28,,monolith,jwt,hazelcast,no,no,sql,DiskBased,mysql,gradle,no,X,X,,OK,OK,NA,OK,X,X,X,ExceptionHandlingAsyncTaskExecutor.java;ExceptionTranslator.java;,NA
57,jhipster29,X,gateway,uaa,no,hazelcast,no,sql,mysql,mysql,maven,no,,X,,OK,OK,NA,KO,X,X,X,ExceptionHandlingAsyncTaskExecutor.java;ExceptionTranslator.java;,BUG:UAAAuthenticationWithDocker
58,jhipster29,,gateway,uaa,no,hazelcast,no,sql,mysql,mysql,maven,no,,X,,OK,OK,NA,KO,X,X,X,ExceptionHandlingAsyncTaskExecutor.java;ExceptionTranslator.java;,BUG:UAAAuthenticationWithEhcache
59,jhipster30,X,gateway,uaa,hazelcast,no,no,sql,DiskBased,postgresql,maven,no,,X,,OK,OK,NA,KO,X,X,X,ExceptionHandlingAsyncTaskExecutor.java;ExceptionTranslator.java;,BUG:UAAAuthenticationWithDocker
60,jhipster30,,gateway,uaa,hazelcast,no,no,sql,DiskBased,postgresql,maven,no,,X,,OK,OK,NA,KO,X,X,X,ExceptionHandlingAsyncTaskExecutor.java;ExceptionTranslator.java;,BUG:UAAAuthenticationWithEhcache
61,jhipster31,X,gateway,jwt,no,no,no,sql,InMemory,mysql,maven,elasticsearch,,X,X,OK,OK,NA,OK,X,X,X,ExceptionHandlingAsyncTaskExecutor.java;ExceptionTranslator.java;,NA
62,jhipster31,,gateway,jwt,no,no,no,sql,InMemory,mysql,maven,elasticsearch,,X,X,OK,OK,NA,OK,X,X,X,ExceptionHandlingAsyncTaskExecutor.java;ExceptionTranslator.java;,NA
63,jhipster32,X,monolith,jwt,no,no,spring-websocket,sql,mariadb,mariadb,gradle,elasticsearch,X,X,X,OK,OK,NA,KO,X,X,X,ExceptionHandlingAsyncTaskExecutor.java;ExceptionTranslator.java;,BUG:mariadbWithGradle
64,jhipster32,,monolith,jwt,no,no,spring-websocket,sql,mariadb,mariadb,gradle,elasticsearch,X,X,X,OK,OK,NA,KO,X,X,X,ExceptionHandlingAsyncTaskExecutor.java;ExceptionTranslator.java;,BUG:mariadbWithGradle
65,jhipster33,X,monolith,jwt,ehcache,hazelcast,spring-websocket,sql,DiskBased,mariadb,maven,no,X,,X,OK,OK,NA,KO,X,X,X,ExceptionHandlingAsyncTaskExecutor.java;ExceptionTranslator.java;,BUG:mariadbWithDocker
66,jhipster33,,monolith,jwt,ehcache,hazelcast,spring-websocket,sql,DiskBased,mariadb,maven,no,X,,X,OK,OK,NA,OK,X,X,X,ExceptionHandlingAsyncTaskExecutor.java;ExceptionTranslator.java;,NA
67,jhipster34,X,monolith,session,hazelcast,no,spring-websocket,sql,mysql,mysql,maven,no,X,X,X,OK,OK,NA,OK,X,X,X,ExceptionHandlingAsyncTaskExecutor.java;ExceptionTranslator.java;,NA
68,jhipster34,,monolith,session,hazelcast,no,spring-websocket,sql,mysql,mysql,maven,no,X,X,X,OK,OK,NA,OK,X,X,X,ExceptionHandlingAsyncTaskExecutor.java;ExceptionTranslator.java;,NA
69,jhipster35,X,gateway,jwt,ehcache,no,spring-websocket,sql,InMemory,postgresql,maven,no,,X,,OK,OK,NA,OK,X,X,X,ExceptionHandlingAsyncTaskExecutor.java;ExceptionTranslator.java;,NA
70,jhipster35,,gateway,jwt,ehcache,no,spring-websocket,sql,InMemory,postgresql,maven,no,,X,,OK,OK,NA,OK,X,X,X,ExceptionHandlingAsyncTaskExecutor.java;ExceptionTranslator.java;,NA
71,jhipster36,X,monolith,oauth2,hazelcast,no,spring-websocket,sql,InMemory,postgresql,gradle,no,,,X,OK,OK,NA,KO,X,X,X,ExceptionHandlingAsyncTaskExecutor.java;ExceptionTranslator.java;,BUG:OAUTH2
72,jhipster36,,monolith,oauth2,hazelcast,no,spring-websocket,sql,InMemory,postgresql,gradle,no,,,X,OK,OK,NA,OK,X,X,X,ExceptionHandlingAsyncTaskExecutor.java;ExceptionTranslator.java;,NA
73,jhipster37,X,monolith,jwt,ehcache,hazelcast,no,sql,postgresql,postgresql,gradle,no,X,,X,OK,OK,NA,OK,X,X,X,ExceptionHandlingAsyncTaskExecutor.java;ExceptionTranslator.java;,NA
74,jhipster37,,monolith,jwt,ehcache,hazelcast,no,sql,postgresql,postgresql,gradle,no,X,,X,OK,OK,NA,OK,X,X,X,ExceptionHandlingAsyncTaskExecutor.java;ExceptionTranslator.java;,NA
75,jhipster38,X,monolith,jwt,hazelcast,no,spring-websocket,sql,InMemory,mariadb,gradle,elasticsearch,X,,,OK,OK,NA,KO,X,X,X,ExceptionHandlingAsyncTaskExecutor.java;ExceptionTranslator.java;,BUG:mariadbWithGradle
76,jhipster38,,monolith,jwt,hazelcast,no,spring-websocket,sql,InMemory,mariadb,gradle,elasticsearch,X,,,OK,OK,NA,KO,X,X,X,ExceptionHandlingAsyncTaskExecutor.java;ExceptionTranslator.java;,BUG:mariadbWithGradle
77,jhipster39,X,monolith,jwt,ehcache,no,spring-websocket,sql,mysql,mysql,gradle,elasticsearch,X,X,,OK,OK,NA,OK,X,X,X,ExceptionHandlingAsyncTaskExecutor.java;ExceptionTranslator.java;,NA
78,jhipster39,,monolith,jwt,ehcache,no,spring-websocket,sql,mysql,mysql,gradle,elasticsearch,X,X,,OK,OK,NA,OK,X,X,X,ExceptionHandlingAsyncTaskExecutor.java;ExceptionTranslator.java;,NA
79,jhipster40,X,gateway,jwt,no,hazelcast,spring-websocket,sql,InMemory,mysql,gradle,no,,X,,OK,OK,NA,OK,X,X,X,ExceptionHandlingAsyncTaskExecutor.java;ExceptionTranslator.java;,NA
80,jhipster40,,gateway,jwt,no,hazelcast,spring-websocket,sql,InMemory,mysql,gradle,no,,X,,OK,OK,NA,OK,X,X,X,ExceptionHandlingAsyncTaskExecutor.java;ExceptionTranslator.java;,NA
81,jhipster41,X,monolith,session,hazelcast,hazelcast,no,sql,DiskBased,postgresql,maven,no,X,,X,OK,OK,NA,OK,X,X,X,ExceptionHandlingAsyncTaskExecutor.java;ExceptionTranslator.java;,NA
82,jhipster41,,monolith,session,hazelcast,hazelcast,no,sql,DiskBased,postgresql,maven,no,X,,X,OK,OK,NA,OK,X,X,X,ExceptionHandlingAsyncTaskExecutor.java;ExceptionTranslator.java;,NA
83,jhipster42,X,monolith,jwt,ehcache,no,no,sql,InMemory,mysql,maven,elasticsearch,,,X,OK,OK,NA,OK,X,X,X,ExceptionHandlingAsyncTaskExecutor.java;ExceptionTranslator.java;,NA
84,jhipster42,,monolith,jwt,ehcache,no,no,sql,InMemory,mysql,maven,elasticsearch,,,X,OK,OK,NA,OK,X,X,X,ExceptionHandlingAsyncTaskExecutor.java;ExceptionTranslator.java;,NA
85,jhipster43,X,gateway,uaa,no,hazelcast,no,cassandra,cassandra,cassandra,maven,no,,,,OK,OK,NA,KO,X,X,X,ExceptionHandlingAsyncTaskExecutor.java;ExceptionTranslator.java;,BUG:UAAAuthenticationWithDocker
86,jhipster43,,gateway,uaa,no,hazelcast,no,cassandra,cassandra,cassandra,maven,no,,,,OK,OK,NA,KO,X,X,X,ExceptionHandlingAsyncTaskExecutor.java;ExceptionTranslator.java;,BUG:UAAAuthenticationWithEhcache
87,jhipster44,X,microservice,uaa,hazelcast,no,no,sql,InMemory,mariadb,maven,no,,,X,OK,OK,NA,KO,FALSE,X,X,ExceptionHandlingAsyncTaskExecutor.java;ExceptionTranslator.java;,BUG:UAAAuthenticationWithDocker
88,jhipster44,,microservice,uaa,hazelcast,no,no,sql,InMemory,mariadb,maven,no,,,X,OK,OK,NA,KO,FALSE,X,X,ExceptionHandlingAsyncTaskExecutor.java;ExceptionTranslator.java;,BUG:UAAAuthenticationWithEhcache
89,jhipster45,X,monolith,jwt,no,hazelcast,no,sql,mysql,mysql,maven,no,X,,X,OK,OK,NA,OK,X,X,X,ExceptionHandlingAsyncTaskExecutor.java;ExceptionTranslator.java;,NA
90,jhipster45,,monolith,jwt,no,hazelcast,no,sql,mysql,mysql,maven,no,X,,X,OK,OK,NA,OK,X,X,X,ExceptionHandlingAsyncTaskExecutor.java;ExceptionTranslator.java;,NA
91,jhipster46,X,monolith,session,ehcache,hazelcast,spring-websocket,sql,InMemory,mysql,maven,elasticsearch,X,X,,OK,OK,NA,OK,X,X,X,ExceptionHandlingAsyncTaskExecutor.java;ExceptionTranslator.java;,NA
92,jhipster46,,monolith,session,ehcache,hazelcast,spring-websocket,sql,InMemory,mysql,maven,elasticsearch,X,X,,OK,OK,NA,OK,X,X,X,ExceptionHandlingAsyncTaskExecutor.java;ExceptionTranslator.java;,NA
93,jhipster47,X,microservice,uaa,hazelcast,no,no,sql,mysql,mysql,gradle,elasticsearch,,,X,OK,OK,NA,KO,FALSE,X,X,ExceptionHandlingAsyncTaskExecutor.java;ExceptionTranslator.java;,BUG:UAAAuthenticationWithDocker
94,jhipster47,,microservice,uaa,hazelcast,no,no,sql,mysql,mysql,gradle,elasticsearch,,,X,OK,OK,NA,KO,FALSE,X,X,ExceptionHandlingAsyncTaskExecutor.java;ExceptionTranslator.java;,BUG:UAAAuthenticationWithEhcache
95,jhipster48,X,monolith,oauth2,ehcache,no,spring-websocket,sql,DiskBased,postgresql,maven,elasticsearch,,X,,OK,OK,NA,KO,X,X,X,ExceptionHandlingAsyncTaskExecutor.java;ExceptionTranslator.java;,BUG:OAUTH2
96,jhipster48,,monolith,oauth2,ehcache,no,spring-websocket,sql,DiskBased,postgresql,maven,elasticsearch,,X,,OK,OK,NA,OK,X,X,X,ExceptionHandlingAsyncTaskExecutor.java;ExceptionTranslator.java;,NA
97,jhipster49,X,monolith,jwt,hazelcast,no,no,sql,DiskBased,mysql,maven,no,X,,,OK,OK,NA,OK,X,X,X,ExceptionHandlingAsyncTaskExecutor.java;ExceptionTranslator.java;,NA
98,jhipster49,,monolith,jwt,hazelcast,no,no,sql,DiskBased,mysql,maven,no,X,,,OK,OK,NA,OK,X,X,X,ExceptionHandlingAsyncTaskExecutor.java;ExceptionTranslator.java;,NA
99,jhipster50,X,monolith,jwt,hazelcast,hazelcast,spring-websocket,sql,DiskBased,mariadb,maven,elasticsearch,,X,,OK,OK,NA,OK,X,X,X,ExceptionHandlingAsyncTaskExecutor.java;ExceptionTranslator.java;,NA
100,jhipster50,,monolith,jwt,hazelcast,hazelcast,spring-websocket,sql,DiskBased,mariadb,maven,elasticsearch,,X,,OK,OK,NA,OK,X,X,X,ExceptionHandlingAsyncTaskExecutor.java;ExceptionTranslator.java;,NA
101,jhipster51,X,monolith,oauth2,hazelcast,no,spring-websocket,sql,DiskBased,postgresql,maven,elasticsearch,,X,,OK,OK,NA,KO,X,X,X,ExceptionHandlingAsyncTaskExecutor.java;ExceptionTranslator.java;,BUG:OAUTH2
102,jhipster51,,monolith,oauth2,hazelcast,no,spring-websocket,sql,DiskBased,postgresql,maven,elasticsearch,,X,,OK,OK,NA,OK,X,X,X,ExceptionHandlingAsyncTaskExecutor.java;ExceptionTranslator.java;,NA
103,jhipster52,X,monolith,jwt,ehcache,hazelcast,no,sql,InMemory,postgresql,maven,no,X,X,X,OK,OK,NA,OK,X,X,X,ExceptionHandlingAsyncTaskExecutor.java;ExceptionTranslator.java;,NA
104,jhipster52,,monolith,jwt,ehcache,hazelcast,no,sql,InMemory,postgresql,maven,no,X,X,X,OK,OK,NA,OK,X,X,X,ExceptionHandlingAsyncTaskExecutor.java;ExceptionTranslator.java;,NA
105,jhipster53,X,monolith,jwt,ehcache,hazelcast,spring-websocket,sql,postgresql,postgresql,maven,elasticsearch,X,X,,OK,OK,NA,OK,X,X,X,ExceptionHandlingAsyncTaskExecutor.java;ExceptionTranslator.java;,NA
106,jhipster53,,monolith,jwt,ehcache,hazelcast,spring-websocket,sql,postgresql,postgresql,maven,elasticsearch,X,X,,OK,OK,NA,OK,X,X,X,ExceptionHandlingAsyncTaskExecutor.java;ExceptionTranslator.java;,NA
107,jhipster54,X,gateway,jwt,no,hazelcast,spring-websocket,sql,InMemory,postgresql,gradle,no,,X,,OK,OK,NA,OK,X,X,X,ExceptionHandlingAsyncTaskExecutor.java;ExceptionTranslator.java;,NA
108,jhipster54,,gateway,jwt,no,hazelcast,spring-websocket,sql,InMemory,postgresql,gradle,no,,X,,OK,OK,NA,OK,X,X,X,ExceptionHandlingAsyncTaskExecutor.java;ExceptionTranslator.java;,NA
109,jhipster55,X,gateway,jwt,no,no,no,sql,postgresql,postgresql,gradle,no,,X,,OK,OK,NA,OK,X,X,X,ExceptionHandlingAsyncTaskExecutor.java;ExceptionTranslator.java;,NA
110,jhipster55,,gateway,jwt,no,no,no,sql,postgresql,postgresql,gradle,no,,X,,OK,OK,NA,OK,X,X,X,ExceptionHandlingAsyncTaskExecutor.java;ExceptionTranslator.java;,NA
111,jhipster56,X,gateway,uaa,no,no,spring-websocket,sql,postgresql,postgresql,gradle,no,,,,OK,OK,NA,KO,X,X,X,ExceptionHandlingAsyncTaskExecutor.java;ExceptionTranslator.java;,BUG:UAAAuthenticationWithDocker
112,jhipster56,,gateway,uaa,no,no,spring-websocket,sql,postgresql,postgresql,gradle,no,,,,OK,OK,NA,KO,X,X,X,ExceptionHandlingAsyncTaskExecutor.java;ExceptionTranslator.java;,BUG:UAAAuthenticationWithEhcache
113,jhipster57,X,gateway,jwt,ehcache,no,spring-websocket,sql,InMemory,mysql,maven,elasticsearch,,X,,OK,OK,NA,OK,X,X,X,ExceptionHandlingAsyncTaskExecutor.java;ExceptionTranslator.java;,NA
114,jhipster57,,gateway,jwt,ehcache,no,spring-websocket,sql,InMemory,mysql,maven,elasticsearch,,X,,OK,OK,NA,OK,X,X,X,ExceptionHandlingAsyncTaskExecutor.java;ExceptionTranslator.java;,NA
115,jhipster58,X,gateway,uaa,no,hazelcast,no,sql,DiskBased,postgresql,maven,no,,X,,OK,OK,NA,KO,X,X,X,ExceptionHandlingAsyncTaskExecutor.java;ExceptionTranslator.java;,BUG:UAAAuthenticationWithDocker
116,jhipster58,,gateway,uaa,no,hazelcast,no,sql,DiskBased,postgresql,maven,no,,X,,OK,OK,NA,KO,X,X,X,ExceptionHandlingAsyncTaskExecutor.java;ExceptionTranslator.java;,BUG:UAAAuthenticationWithEhcache
117,jhipster59,X,gateway,uaa,no,no,no,sql,DiskBased,mysql,maven,no,,,X,OK,OK,NA,KO,X,X,X,ExceptionHandlingAsyncTaskExecutor.java;ExceptionTranslator.java;,BUG:UAAAuthenticationWithDocker
118,jhipster59,,gateway,uaa,no,no,no,sql,DiskBased,mysql,maven,no,,,X,OK,OK,NA,KO,X,X,X,ExceptionHandlingAsyncTaskExecutor.java;ExceptionTranslator.java;,BUG:UAAAuthenticationWithEhcache
119,jhipster60,X,gateway,uaa,no,no,no,sql,mariadb,mariadb,maven,elasticsearch,,X,,OK,OK,NA,KO,X,X,X,ExceptionHandlingAsyncTaskExecutor.java;ExceptionTranslator.java;,BUG:UAAAuthenticationWithDocker
120,jhipster60,,gateway,uaa,no,no,no,sql,mariadb,mariadb,maven,elasticsearch,,X,,OK,OK,NA,KO,X,X,X,ExceptionHandlingAsyncTaskExecutor.java;ExceptionTranslator.java;,BUG:UAAAuthenticationWithEhcache
121,jhipster61,X,gateway,uaa,no,hazelcast,spring-websocket,cassandra,cassandra,cassandra,maven,no,,,X,OK,OK,NA,KO,X,X,X,ExceptionHandlingAsyncTaskExecutor.java;ExceptionTranslator.java;,BUG:UAAAuthenticationWithDocker
122,jhipster61,,gateway,uaa,no,hazelcast,spring-websocket,cassandra,cassandra,cassandra,maven,no,,,X,OK,OK,NA,KO,X,X,X,ExceptionHandlingAsyncTaskExecutor.java;ExceptionTranslator.java;,BUG:UAAAuthenticationWithEhcache
123,jhipster62,X,monolith,session,hazelcast,hazelcast,spring-websocket,sql,InMemory,postgresql,gradle,no,X,X,,OK,OK,NA,OK,X,X,X,ExceptionHandlingAsyncTaskExecutor.java;ExceptionTranslator.java;,NA
124,jhipster62,,monolith,session,hazelcast,hazelcast,spring-websocket,sql,InMemory,postgresql,gradle,no,X,X,,OK,OK,NA,OK,X,X,X,ExceptionHandlingAsyncTaskExecutor.java;ExceptionTranslator.java;,NA
125,jhipster63,X,monolith,oauth2,ehcache,hazelcast,no,sql,DiskBased,postgresql,maven,no,,,,OK,OK,NA,OK,X,X,X,ExceptionHandlingAsyncTaskExecutor.java;ExceptionTranslator.java;,NA
126,jhipster63,,monolith,oauth2,ehcache,hazelcast,no,sql,DiskBased,postgresql,maven,no,,,,OK,OK,NA,OK,X,X,X,ExceptionHandlingAsyncTaskExecutor.java;ExceptionTranslator.java;,NA
127,jhipster64,X,monolith,jwt,no,hazelcast,spring-websocket,sql,mysql,mysql,maven,elasticsearch,,X,X,OK,OK,NA,OK,X,X,X,ExceptionHandlingAsyncTaskExecutor.java;ExceptionTranslator.java;,NA
128,jhipster64,,monolith,jwt,no,hazelcast,spring-websocket,sql,mysql,mysql,maven,elasticsearch,,X,X,OK,OK,NA,OK,X,X,X,ExceptionHandlingAsyncTaskExecutor.java;ExceptionTranslator.java;,NA
129,jhipster65,X,gateway,uaa,hazelcast,hazelcast,spring-websocket,sql,InMemory,mariadb,gradle,elasticsearch,,X,,OK,OK,NA,KO,X,X,X,ExceptionHandlingAsyncTaskExecutor.java;ExceptionTranslator.java;,BUG:mariadbWithGradle
130,jhipster65,,gateway,uaa,hazelcast,hazelcast,spring-websocket,sql,InMemory,mariadb,gradle,elasticsearch,,X,,OK,OK,NA,KO,X,X,X,ExceptionHandlingAsyncTaskExecutor.java;ExceptionTranslator.java;,BUG:mariadbWithGradle
131,jhipster66,X,monolith,session,hazelcast,no,spring-websocket,sql,DiskBased,postgresql,gradle,elasticsearch,,X,,OK,OK,NA,OK,X,X,X,ExceptionHandlingAsyncTaskExecutor.java;ExceptionTranslator.java;,NA
132,jhipster66,,monolith,session,hazelcast,no,spring-websocket,sql,DiskBased,postgresql,gradle,elasticsearch,,X,,OK,OK,NA,OK,X,X,X,ExceptionHandlingAsyncTaskExecutor.java;ExceptionTranslator.java;,NA
133,jhipster67,X,monolith,session,no,hazelcast,no,sql,DiskBased,postgresql,gradle,elasticsearch,X,X,,OK,OK,NA,OK,X,X,X,ExceptionHandlingAsyncTaskExecutor.java;ExceptionTranslator.java;,NA
134,jhipster67,,monolith,session,no,hazelcast,no,sql,DiskBased,postgresql,gradle,elasticsearch,X,X,,OK,OK,NA,OK,X,X,X,ExceptionHandlingAsyncTaskExecutor.java;ExceptionTranslator.java;,NA
135,jhipster68,X,monolith,jwt,no,no,spring-websocket,sql,mariadb,mariadb,gradle,no,X,,X,OK,OK,NA,KO,X,X,X,ExceptionHandlingAsyncTaskExecutor.java;ExceptionTranslator.java;,BUG:mariadbWithDocker
136,jhipster68,,monolith,jwt,no,no,spring-websocket,sql,mariadb,mariadb,gradle,no,X,,X,OK,OK,NA,KO,X,X,X,ExceptionHandlingAsyncTaskExecutor.java;ExceptionTranslator.java;,BUG:mariadbWithGradle
137,jhipster69,X,monolith,oauth2,hazelcast,hazelcast,no,sql,InMemory,mariadb,maven,elasticsearch,,X,X,OK,OK,NA,OK,X,X,X,ExceptionHandlingAsyncTaskExecutor.java;ExceptionTranslator.java;,NA
138,jhipster69,,monolith,oauth2,hazelcast,hazelcast,no,sql,InMemory,mariadb,maven,elasticsearch,,X,X,OK,OK,NA,OK,X,X,X,ExceptionHandlingAsyncTaskExecutor.java;ExceptionTranslator.java;,NA
139,jhipster70,X,gateway,uaa,ehcache,no,spring-websocket,sql,mysql,mysql,maven,elasticsearch,,X,X,OK,OK,NA,KO,X,X,X,ExceptionHandlingAsyncTaskExecutor.java;ExceptionTranslator.java;,BUG:UAAAuthenticationWithDocker
140,jhipster70,,gateway,uaa,ehcache,no,spring-websocket,sql,mysql,mysql,maven,elasticsearch,,X,X,OK,OK,NA,KO,X,X,X,ExceptionHandlingAsyncTaskExecutor.java;ExceptionTranslator.java;,BUG:UAAAuthenticationWithEhcache
141,jhipster71,X,monolith,jwt,no,no,spring-websocket,sql,mysql,mysql,maven,elasticsearch,X,X,,OK,OK,NA,OK,X,X,X,ExceptionHandlingAsyncTaskExecutor.java;ExceptionTranslator.java;,NA
142,jhipster71,,monolith,jwt,no,no,spring-websocket,sql,mysql,mysql,maven,elasticsearch,X,X,,OK,OK,NA,OK,X,X,X,ExceptionHandlingAsyncTaskExecutor.java;ExceptionTranslator.java;,NA
143,jhipster72,X,gateway,uaa,ehcache,no,spring-websocket,sql,DiskBased,mariadb,gradle,no,,,,OK,OK,NA,KO,X,X,X,ExceptionHandlingAsyncTaskExecutor.java;ExceptionTranslator.java;,BUG:mariadbWithGradle
144,jhipster72,,gateway,uaa,ehcache,no,spring-websocket,sql,DiskBased,mariadb,gradle,no,,,,OK,OK,NA,KO,X,X,X,ExceptionHandlingAsyncTaskExecutor.java;ExceptionTranslator.java;,BUG:mariadbWithGradle
145,jhipster73,X,monolith,session,hazelcast,no,spring-websocket,sql,InMemory,mysql,gradle,elasticsearch,X,,,OK,OK,NA,OK,X,X,X,ExceptionHandlingAsyncTaskExecutor.java;ExceptionTranslator.java;,NA
146,jhipster73,,monolith,session,hazelcast,no,spring-websocket,sql,InMemory,mysql,gradle,elasticsearch,X,,,OK,OK,NA,OK,X,X,X,ExceptionHandlingAsyncTaskExecutor.java;ExceptionTranslator.java;,NA
147,jhipster74,X,monolith,session,no,no,spring-websocket,sql,DiskBased,postgresql,maven,no,X,X,,OK,OK,NA,OK,X,X,X,ExceptionHandlingAsyncTaskExecutor.java;ExceptionTranslator.java;,NA
148,jhipster74,,monolith,session,no,no,spring-websocket,sql,DiskBased,postgresql,maven,no,X,X,,OK,OK,NA,OK,X,X,X,ExceptionHandlingAsyncTaskExecutor.java;ExceptionTranslator.java;,NA
149,jhipster75,X,gateway,jwt,hazelcast,hazelcast,spring-websocket,sql,postgresql,postgresql,maven,no,,X,,OK,OK,NA,OK,X,X,X,ExceptionHandlingAsyncTaskExecutor.java;ExceptionTranslator.java;,NA
150,jhipster75,,gateway,jwt,hazelcast,hazelcast,spring-websocket,sql,postgresql,postgresql,maven,no,,X,,OK,OK,NA,OK,X,X,X,ExceptionHandlingAsyncTaskExecutor.java;ExceptionTranslator.java;,NA
151,jhipster76,X,monolith,jwt,no,no,no,sql,InMemory,postgresql,maven,elasticsearch,X,,X,OK,OK,NA,OK,X,X,X,ExceptionHandlingAsyncTaskExecutor.java;ExceptionTranslator.java;,NA
152,jhipster76,,monolith,jwt,no,no,no,sql,InMemory,postgresql,maven,elasticsearch,X,,X,OK,OK,NA,OK,X,X,X,ExceptionHandlingAsyncTaskExecutor.java;ExceptionTranslator.java;,NA
153,jhipster77,X,monolith,jwt,hazelcast,hazelcast,spring-websocket,sql,InMemory,mariadb,maven,no,,X,,OK,OK,NA,KO,X,X,X,ExceptionHandlingAsyncTaskExecutor.java;ExceptionTranslator.java;,BUG:mariadbWithDocker
154,jhipster77,,monolith,jwt,hazelcast,hazelcast,spring-websocket,sql,InMemory,mariadb,maven,no,,X,,OK,OK,NA,OK,X,X,X,ExceptionHandlingAsyncTaskExecutor.java;ExceptionTranslator.java;,NA
155,jhipster78,X,gateway,jwt,ehcache,hazelcast,spring-websocket,sql,DiskBased,mysql,gradle,elasticsearch,,,,OK,OK,NA,OK,X,X,X,ExceptionHandlingAsyncTaskExecutor.java;ExceptionTranslator.java;,NA
156,jhipster78,,gateway,jwt,ehcache,hazelcast,spring-websocket,sql,DiskBased,mysql,gradle,elasticsearch,,,,OK,OK,NA,OK,X,X,X,ExceptionHandlingAsyncTaskExecutor.java;ExceptionTranslator.java;,NA
157,jhipster79,X,monolith,jwt,no,no,spring-websocket,sql,DiskBased,mysql,gradle,no,X,,X,OK,OK,NA,OK,X,X,X,ExceptionHandlingAsyncTaskExecutor.java;ExceptionTranslator.java;,NA
158,jhipster79,,monolith,jwt,no,no,spring-websocket,sql,DiskBased,mysql,gradle,no,X,,X,OK,OK,NA,OK,X,X,X,ExceptionHandlingAsyncTaskExecutor.java;ExceptionTranslator.java;,NA
159,jhipster80,X,gateway,uaa,no,no,spring-websocket,sql,DiskBased,mysql,maven,elasticsearch,,X,,OK,OK,NA,KO,X,X,X,ExceptionHandlingAsyncTaskExecutor.java;ExceptionTranslator.java;,BUG:UAAAuthenticationWithDocker
160,jhipster80,,gateway,uaa,no,no,spring-websocket,sql,DiskBased,mysql,maven,elasticsearch,,X,,OK,OK,NA,KO,X,X,X,ExceptionHandlingAsyncTaskExecutor.java;ExceptionTranslator.java;,BUG:UAAAuthenticationWithEhcache
161,jhipster81,X,monolith,jwt,hazelcast,no,spring-websocket,sql,InMemory,mysql,maven,no,,,,OK,OK,NA,OK,X,X,X,ExceptionHandlingAsyncTaskExecutor.java;ExceptionTranslator.java;,NA
162,jhipster81,,monolith,jwt,hazelcast,no,spring-websocket,sql,InMemory,mysql,maven,no,,,,OK,OK,NA,OK,X,X,X,ExceptionHandlingAsyncTaskExecutor.java;ExceptionTranslator.java;,NA
163,jhipster82,X,microservice,jwt,no,no,no,sql,mysql,mysql,gradle,elasticsearch,,,X,OK,OK,NA,OK,FALSE,X,X,ExceptionHandlingAsyncTaskExecutor.java;ExceptionTranslator.java;,NA
164,jhipster82,,microservice,jwt,no,no,no,sql,mysql,mysql,gradle,elasticsearch,,,X,OK,OK,NA,OK,FALSE,X,X,ExceptionHandlingAsyncTaskExecutor.java;ExceptionTranslator.java;,NA
165,jhipster83,X,monolith,session,ehcache,no,spring-websocket,sql,InMemory,postgresql,gradle,elasticsearch,,,,OK,OK,NA,OK,X,X,X,ExceptionHandlingAsyncTaskExecutor.java;ExceptionTranslator.java;,NA
166,jhipster83,,monolith,session,ehcache,no,spring-websocket,sql,InMemory,postgresql,gradle,elasticsearch,,,,OK,OK,NA,OK,X,X,X,ExceptionHandlingAsyncTaskExecutor.java;ExceptionTranslator.java;,NA
167,jhipster84,X,monolith,jwt,ehcache,no,spring-websocket,sql,InMemory,mysql,maven,elasticsearch,,,,OK,OK,NA,OK,X,X,X,ExceptionHandlingAsyncTaskExecutor.java;ExceptionTranslator.java;,NA
168,jhipster84,,monolith,jwt,ehcache,no,spring-websocket,sql,InMemory,mysql,maven,elasticsearch,,,,OK,OK,NA,OK,X,X,X,ExceptionHandlingAsyncTaskExecutor.java;ExceptionTranslator.java;,NA
169,jhipster85,X,gateway,jwt,ehcache,no,spring-websocket,sql,DiskBased,mariadb,gradle,no,,X,,OK,OK,NA,KO,X,X,X,ExceptionHandlingAsyncTaskExecutor.java;ExceptionTranslator.java;,BUG:mariadbWithGradle
170,jhipster85,,gateway,jwt,ehcache,no,spring-websocket,sql,DiskBased,mariadb,gradle,no,,X,,OK,OK,NA,KO,X,X,X,ExceptionHandlingAsyncTaskExecutor.java;ExceptionTranslator.java;,BUG:mariadbWithGradle
171,jhipster86,X,monolith,session,hazelcast,no,no,sql,DiskBased,mysql,gradle,elasticsearch,,,X,OK,KO,NA,KO,X,X,X,ExceptionHandlingAsyncTaskExecutor.java;ExceptionTranslator.java;,ISSUE:env
172,jhipster86,,monolith,session,hazelcast,no,no,sql,DiskBased,mysql,gradle,elasticsearch,,,X,OK,KO,NA,KO,X,X,X,ExceptionHandlingAsyncTaskExecutor.java;ExceptionTranslator.java;,ISSUE:env
173,jhipster87,X,gateway,jwt,hazelcast,hazelcast,spring-websocket,sql,mysql,mysql,maven,elasticsearch,,,X,OK,OK,NA,OK,X,X,X,ExceptionHandlingAsyncTaskExecutor.java;ExceptionTranslator.java;,NA
174,jhipster87,,gateway,jwt,hazelcast,hazelcast,spring-websocket,sql,mysql,mysql,maven,elasticsearch,,,X,OK,OK,NA,OK,X,X,X,ExceptionHandlingAsyncTaskExecutor.java;ExceptionTranslator.java;,NA
175,jhipster88,X,monolith,jwt,no,no,no,sql,mariadb,mariadb,gradle,no,,X,,OK,OK,NA,KO,X,X,X,ExceptionHandlingAsyncTaskExecutor.java;ExceptionTranslator.java;,BUG:mariadbWithDocker
176,jhipster88,,monolith,jwt,no,no,no,sql,mariadb,mariadb,gradle,no,,X,,OK,OK,NA,KO,X,X,X,ExceptionHandlingAsyncTaskExecutor.java;ExceptionTranslator.java;,BUG:mariadbWithGradle
177,jhipster89,X,monolith,jwt,ehcache,hazelcast,no,sql,DiskBased,mariadb,gradle,no,X,X,X,OK,OK,NA,KO,X,X,X,ExceptionHandlingAsyncTaskExecutor.java;ExceptionTranslator.java;,BUG:mariadbWithDocker
178,jhipster89,,monolith,jwt,ehcache,hazelcast,no,sql,DiskBased,mariadb,gradle,no,X,X,X,OK,OK,NA,KO,X,X,X,ExceptionHandlingAsyncTaskExecutor.java;ExceptionTranslator.java;,BUG:mariadbWithGradle
179,jhipster90,X,monolith,session,ehcache,hazelcast,no,sql,mariadb,mariadb,maven,no,X,,,OK,OK,NA,KO,X,X,X,ExceptionHandlingAsyncTaskExecutor.java;ExceptionTranslator.java;,BUG:mariadbWithDocker
180,jhipster90,,monolith,session,ehcache,hazelcast,no,sql,mariadb,mariadb,maven,no,X,,,OK,OK,NA,OK,X,X,X,ExceptionHandlingAsyncTaskExecutor.java;ExceptionTranslator.java;,NA
181,jhipster91,X,uaa,uaa,ehcache,no,no,sql,InMemory,mysql,maven,elasticsearch,,,,OK,OK,NA,OK,FALSE,X,X,ExceptionHandlingAsyncTaskExecutor.java;ExceptionTranslator.java;,NA
182,jhipster91,,uaa,uaa,ehcache,no,no,sql,InMemory,mysql,maven,elasticsearch,,,,OK,OK,NA,OK,FALSE,X,X,ExceptionHandlingAsyncTaskExecutor.java;ExceptionTranslator.java;,NA
183,jhipster92,X,monolith,session,hazelcast,no,no,sql,DiskBased,mysql,maven,elasticsearch,,X,X,OK,OK,NA,OK,X,X,X,ExceptionHandlingAsyncTaskExecutor.java;ExceptionTranslator.java;,NA
184,jhipster92,,monolith,session,hazelcast,no,no,sql,DiskBased,mysql,maven,elasticsearch,,X,X,OK,OK,NA,OK,X,X,X,ExceptionHandlingAsyncTaskExecutor.java;ExceptionTranslator.java;,NA
185,jhipster93,X,monolith,session,no,hazelcast,spring-websocket,sql,InMemory,mariadb,maven,no,X,,,OK,OK,NA,KO,X,X,X,ExceptionHandlingAsyncTaskExecutor.java;ExceptionTranslator.java;,BUG:mariadbWithDocker
186,jhipster93,,monolith,session,no,hazelcast,spring-websocket,sql,InMemory,mariadb,maven,no,X,,,OK,OK,NA,OK,X,X,X,ExceptionHandlingAsyncTaskExecutor.java;ExceptionTranslator.java;,NA
187,jhipster94,X,monolith,oauth2,no,no,spring-websocket,sql,DiskBased,postgresql,maven,no,,X,X,OK,OK,NA,KO,X,X,X,ExceptionHandlingAsyncTaskExecutor.java;ExceptionTranslator.java;,BUG:OAUTH2
188,jhipster94,,monolith,oauth2,no,no,spring-websocket,sql,DiskBased,postgresql,maven,no,,X,X,OK,OK,NA,OK,X,X,X,ExceptionHandlingAsyncTaskExecutor.java;ExceptionTranslator.java;,NA
189,jhipster95,X,monolith,session,hazelcast,hazelcast,spring-websocket,sql,InMemory,mariadb,maven,no,,X,,OK,OK,NA,KO,X,X,X,ExceptionHandlingAsyncTaskExecutor.java;ExceptionTranslator.java;,BUG:mariadbWithDocker
190,jhipster95,,monolith,session,hazelcast,hazelcast,spring-websocket,sql,InMemory,mariadb,maven,no,,X,,OK,OK,NA,OK,X,X,X,ExceptionHandlingAsyncTaskExecutor.java;ExceptionTranslator.java;,NA
191,jhipster96,X,monolith,session,hazelcast,hazelcast,spring-websocket,sql,DiskBased,postgresql,maven,no,,,,OK,OK,NA,OK,X,X,X,ExceptionHandlingAsyncTaskExecutor.java;ExceptionTranslator.java;,NA
192,jhipster96,,monolith,session,hazelcast,hazelcast,spring-websocket,sql,DiskBased,postgresql,maven,no,,,,OK,OK,NA,OK,X,X,X,ExceptionHandlingAsyncTaskExecutor.java;ExceptionTranslator.java;,NA
193,jhipster97,X,monolith,session,no,no,no,sql,InMemory,postgresql,gradle,elasticsearch,,X,,OK,OK,NA,OK,X,X,X,ExceptionHandlingAsyncTaskExecutor.java;ExceptionTranslator.java;,NA
194,jhipster97,,monolith,session,no,no,no,sql,InMemory,postgresql,gradle,elasticsearch,,X,,OK,OK,NA,OK,X,X,X,ExceptionHandlingAsyncTaskExecutor.java;ExceptionTranslator.java;,NA
195,jhipster98,X,monolith,session,ehcache,no,no,sql,mysql,mysql,maven,elasticsearch,,X,,OK,OK,NA,OK,X,X,X,ExceptionHandlingAsyncTaskExecutor.java;ExceptionTranslator.java;,NA
196,jhipster98,,monolith,session,ehcache,no,no,sql,mysql,mysql,maven,elasticsearch,,X,,OK,OK,NA,OK,X,X,X,ExceptionHandlingAsyncTaskExecutor.java;ExceptionTranslator.java;,NA
197,jhipster99,X,monolith,oauth2,hazelcast,no,spring-websocket,sql,DiskBased,postgresql,maven,elasticsearch,,,,OK,OK,NA,KO,X,X,X,ExceptionHandlingAsyncTaskExecutor.java;ExceptionTranslator.java;,BUG:OAUTH2
198,jhipster99,,monolith,oauth2,hazelcast,no,spring-websocket,sql,DiskBased,postgresql,maven,elasticsearch,,,,OK,OK,NA,OK,X,X,X,ExceptionHandlingAsyncTaskExecutor.java;ExceptionTranslator.java;,NA
199,jhipster100,X,monolith,jwt,ehcache,hazelcast,spring-websocket,sql,DiskBased,mariadb,maven,no,,X,,OK,OK,NA,KO,X,X,X,ExceptionHandlingAsyncTaskExecutor.java;ExceptionTranslator.java;,BUG:mariadbWithDocker
200,jhipster100,,monolith,jwt,ehcache,hazelcast,spring-websocket,sql,DiskBased,mariadb,maven,no,,X,,OK,OK,NA,OK,X,X,X,ExceptionHandlingAsyncTaskExecutor.java;ExceptionTranslator.java;,NA
201,jhipster101,X,monolith,jwt,hazelcast,no,spring-websocket,sql,InMemory,postgresql,gradle,no,X,X,X,OK,OK,NA,OK,X,X,X,ExceptionHandlingAsyncTaskExecutor.java;ExceptionTranslator.java;,NA
202,jhipster101,,monolith,jwt,hazelcast,no,spring-websocket,sql,InMemory,postgresql,gradle,no,X,X,X,OK,OK,NA,OK,X,X,X,ExceptionHandlingAsyncTaskExecutor.java;ExceptionTranslator.java;,NA
203,jhipster102,X,monolith,session,hazelcast,hazelcast,no,sql,DiskBased,mariadb,maven,no,,,,OK,OK,NA,KO,X,X,X,ExceptionHandlingAsyncTaskExecutor.java;ExceptionTranslator.java;,BUG:mariadbWithDocker
204,jhipster102,,monolith,session,hazelcast,hazelcast,no,sql,DiskBased,mariadb,maven,no,,,,OK,OK,NA,OK,X,X,X,ExceptionHandlingAsyncTaskExecutor.java;ExceptionTranslator.java;,NA
205,jhipster103,X,monolith,oauth2,no,no,no,sql,InMemory,postgresql,maven,no,,,,OK,OK,NA,KO,X,X,X,ExceptionHandlingAsyncTaskExecutor.java;ExceptionTranslator.java;,BUG:OAUTH2
206,jhipster103,,monolith,oauth2,no,no,no,sql,InMemory,postgresql,maven,no,,,,OK,OK,NA,OK,X,X,X,ExceptionHandlingAsyncTaskExecutor.java;ExceptionTranslator.java;,NA
207,jhipster104,X,microservice,uaa,ehcache,no,no,sql,mysql,mysql,gradle,elasticsearch,,,,OK,OK,NA,KO,FALSE,X,X,ExceptionHandlingAsyncTaskExecutor.java;ExceptionTranslator.java;,BUG:UAAAuthenticationWithDocker
208,jhipster104,,microservice,uaa,ehcache,no,no,sql,mysql,mysql,gradle,elasticsearch,,,,OK,OK,NA,KO,FALSE,X,X,ExceptionHandlingAsyncTaskExecutor.java;ExceptionTranslator.java;,BUG:UAAAuthenticationWithEhcache
209,jhipster105,X,microservice,uaa,ehcache,no,no,sql,InMemory,mariadb,gradle,no,,,,OK,OK,NA,KO,FALSE,X,X,ExceptionHandlingAsyncTaskExecutor.java;ExceptionTranslator.java;,BUG:mariadbWithGradle
210,jhipster105,,microservice,uaa,ehcache,no,no,sql,InMemory,mariadb,gradle,no,,,,OK,OK,NA,KO,FALSE,X,X,ExceptionHandlingAsyncTaskExecutor.java;ExceptionTranslator.java;,BUG:mariadbWithGradle
211,jhipster106,X,monolith,jwt,hazelcast,no,spring-websocket,sql,InMemory,mysql,maven,elasticsearch,,X,X,OK,OK,NA,OK,X,X,X,ExceptionHandlingAsyncTaskExecutor.java;ExceptionTranslator.java;,NA
212,jhipster106,,monolith,jwt,hazelcast,no,spring-websocket,sql,InMemory,mysql,maven,elasticsearch,,X,X,OK,OK,NA,OK,X,X,X,ExceptionHandlingAsyncTaskExecutor.java;ExceptionTranslator.java;,NA
213,jhipster107,X,monolith,session,ehcache,no,no,sql,postgresql,postgresql,maven,elasticsearch,,X,X,OK,OK,NA,OK,X,X,X,ExceptionHandlingAsyncTaskExecutor.java;ExceptionTranslator.java;,NA
214,jhipster107,,monolith,session,ehcache,no,no,sql,postgresql,postgresql,maven,elasticsearch,,X,X,OK,OK,NA,OK,X,X,X,ExceptionHandlingAsyncTaskExecutor.java;ExceptionTranslator.java;,NA
215,jhipster108,X,monolith,session,no,no,no,sql,postgresql,postgresql,maven,no,X,,X,OK,OK,NA,OK,X,X,X,ExceptionHandlingAsyncTaskExecutor.java;ExceptionTranslator.java;,NA
216,jhipster108,,monolith,session,no,no,no,sql,postgresql,postgresql,maven,no,X,,X,OK,OK,NA,OK,X,X,X,ExceptionHandlingAsyncTaskExecutor.java;ExceptionTranslator.java;,NA
217,jhipster109,X,monolith,session,no,no,spring-websocket,sql,mariadb,mariadb,gradle,no,,,X,OK,OK,NA,KO,X,X,X,ExceptionHandlingAsyncTaskExecutor.java;ExceptionTranslator.java;,BUG:mariadbWithDocker
218,jhipster109,,monolith,session,no,no,spring-websocket,sql,mariadb,mariadb,gradle,no,,,X,OK,OK,NA,KO,X,X,X,ExceptionHandlingAsyncTaskExecutor.java;ExceptionTranslator.java;,BUG:mariadbWithGradle
219,jhipster110,X,gateway,uaa,ehcache,no,spring-websocket,sql,DiskBased,postgresql,gradle,elasticsearch,,,,OK,OK,NA,KO,X,X,X,ExceptionHandlingAsyncTaskExecutor.java;ExceptionTranslator.java;,BUG:UAAAuthenticationWithDocker
220,jhipster110,,gateway,uaa,ehcache,no,spring-websocket,sql,DiskBased,postgresql,gradle,elasticsearch,,,,OK,OK,NA,KO,X,X,X,ExceptionHandlingAsyncTaskExecutor.java;ExceptionTranslator.java;,BUG:UAAAuthenticationWithEhcache
221,jhipster111,X,monolith,jwt,ehcache,hazelcast,spring-websocket,sql,postgresql,postgresql,gradle,no,,X,,OK,OK,NA,OK,X,X,X,ExceptionHandlingAsyncTaskExecutor.java;ExceptionTranslator.java;,NA
222,jhipster111,,monolith,jwt,ehcache,hazelcast,spring-websocket,sql,postgresql,postgresql,gradle,no,,X,,OK,OK,NA,OK,X,X,X,ExceptionHandlingAsyncTaskExecutor.java;ExceptionTranslator.java;,NA
223,jhipster112,X,gateway,jwt,no,no,no,sql,mysql,mysql,gradle,no,,X,,OK,OK,NA,OK,X,X,X,ExceptionHandlingAsyncTaskExecutor.java;ExceptionTranslator.java;,NA
224,jhipster112,,gateway,jwt,no,no,no,sql,mysql,mysql,gradle,no,,X,,OK,OK,NA,OK,X,X,X,ExceptionHandlingAsyncTaskExecutor.java;ExceptionTranslator.java;,NA
225,jhipster113,X,gateway,uaa,no,no,no,sql,InMemory,mysql,maven,no,,X,,OK,OK,NA,KO,X,X,X,ExceptionHandlingAsyncTaskExecutor.java;ExceptionTranslator.java;,BUG:UAAAuthenticationWithDocker
226,jhipster113,,gateway,uaa,no,no,no,sql,InMemory,mysql,maven,no,,X,,OK,OK,NA,KO,X,X,X,ExceptionHandlingAsyncTaskExecutor.java;ExceptionTranslator.java;,BUG:UAAAuthenticationWithEhcache
227,jhipster114,X,gateway,uaa,ehcache,no,spring-websocket,sql,InMemory,mariadb,gradle,elasticsearch,,X,X,OK,OK,NA,KO,X,X,X,ExceptionHandlingAsyncTaskExecutor.java;ExceptionTranslator.java;,BUG:mariadbWithGradle
228,jhipster114,,gateway,uaa,ehcache,no,spring-websocket,sql,InMemory,mariadb,gradle,elasticsearch,,X,X,OK,OK,NA,KO,X,X,X,ExceptionHandlingAsyncTaskExecutor.java;ExceptionTranslator.java;,BUG:mariadbWithGradle
229,jhipster115,X,monolith,jwt,no,no,spring-websocket,sql,DiskBased,mysql,gradle,no,X,X,X,OK,OK,NA,OK,X,X,X,ExceptionHandlingAsyncTaskExecutor.java;ExceptionTranslator.java;,NA
230,jhipster115,,monolith,jwt,no,no,spring-websocket,sql,DiskBased,mysql,gradle,no,X,X,X,OK,OK,NA,OK,X,X,X,ExceptionHandlingAsyncTaskExecutor.java;ExceptionTranslator.java;,NA
231,jhipster116,X,monolith,jwt,hazelcast,no,no,sql,postgresql,postgresql,gradle,no,,,,OK,OK,NA,OK,X,X,X,ExceptionHandlingAsyncTaskExecutor.java;ExceptionTranslator.java;,NA
232,jhipster116,,monolith,jwt,hazelcast,no,no,sql,postgresql,postgresql,gradle,no,,,,OK,OK,NA,OK,X,X,X,ExceptionHandlingAsyncTaskExecutor.java;ExceptionTranslator.java;,NA
233,jhipster117,X,gateway,jwt,no,hazelcast,spring-websocket,sql,mysql,mysql,maven,no,,,,OK,OK,NA,OK,X,X,X,ExceptionHandlingAsyncTaskExecutor.java;ExceptionTranslator.java;,NA
234,jhipster117,,gateway,jwt,no,hazelcast,spring-websocket,sql,mysql,mysql,maven,no,,,,OK,OK,NA,OK,X,X,X,ExceptionHandlingAsyncTaskExecutor.java;ExceptionTranslator.java;,NA
235,jhipster118,X,monolith,oauth2,hazelcast,hazelcast,no,sql,postgresql,postgresql,maven,no,,,,OK,OK,NA,KO,X,X,X,ExceptionHandlingAsyncTaskExecutor.java;ExceptionTranslator.java;,BUG:OAUTH2
236,jhipster118,,monolith,oauth2,hazelcast,hazelcast,no,sql,postgresql,postgresql,maven,no,,,,OK,OK,NA,OK,X,X,X,ExceptionHandlingAsyncTaskExecutor.java;ExceptionTranslator.java;,NA
237,jhipster119,X,monolith,jwt,ehcache,no,spring-websocket,sql,InMemory,mysql,maven,no,,,,OK,OK,NA,OK,X,X,X,ExceptionHandlingAsyncTaskExecutor.java;ExceptionTranslator.java;,NA
238,jhipster119,,monolith,jwt,ehcache,no,spring-websocket,sql,InMemory,mysql,maven,no,,,,OK,OK,NA,OK,X,X,X,ExceptionHandlingAsyncTaskExecutor.java;ExceptionTranslator.java;,NA
239,jhipster120,X,monolith,session,no,hazelcast,no,sql,DiskBased,mysql,maven,no,,X,X,OK,OK,NA,OK,X,X,X,ExceptionHandlingAsyncTaskExecutor.java;ExceptionTranslator.java;,NA
240,jhipster120,,monolith,session,no,hazelcast,no,sql,DiskBased,mysql,maven,no,,X,X,OK,OK,NA,OK,X,X,X,ExceptionHandlingAsyncTaskExecutor.java;ExceptionTranslator.java;,NA
241,jhipster121,X,monolith,oauth2,no,no,spring-websocket,sql,DiskBased,postgresql,maven,elasticsearch,,X,X,OK,OK,NA,KO,X,X,X,ExceptionHandlingAsyncTaskExecutor.java;ExceptionTranslator.java;,BUG:OAUTH2
242,jhipster121,,monolith,oauth2,no,no,spring-websocket,sql,DiskBased,postgresql,maven,elasticsearch,,X,X,OK,OK,NA,OK,X,X,X,ExceptionHandlingAsyncTaskExecutor.java;ExceptionTranslator.java;,NA
243,jhipster122,X,monolith,session,no,no,no,sql,DiskBased,postgresql,maven,no,X,,,OK,OK,NA,OK,X,X,X,ExceptionHandlingAsyncTaskExecutor.java;ExceptionTranslator.java;,NA
244,jhipster122,,monolith,session,no,no,no,sql,DiskBased,postgresql,maven,no,X,,,OK,OK,NA,OK,X,X,X,ExceptionHandlingAsyncTaskExecutor.java;ExceptionTranslator.java;,NA
245,jhipster123,X,gateway,uaa,ehcache,hazelcast,spring-websocket,sql,InMemory,mariadb,maven,elasticsearch,,X,X,OK,OK,NA,KO,X,X,X,ExceptionHandlingAsyncTaskExecutor.java;ExceptionTranslator.java;,BUG:UAAAuthenticationWithDocker
246,jhipster123,,gateway,uaa,ehcache,hazelcast,spring-websocket,sql,InMemory,mariadb,maven,elasticsearch,,X,X,OK,OK,NA,KO,X,X,X,ExceptionHandlingAsyncTaskExecutor.java;ExceptionTranslator.java;,BUG:UAAAuthenticationWithEhcache
247,jhipster124,X,monolith,session,ehcache,no,spring-websocket,sql,mysql,mysql,gradle,elasticsearch,X,X,,OK,OK,NA,OK,X,X,X,ExceptionHandlingAsyncTaskExecutor.java;ExceptionTranslator.java;,NA
248,jhipster124,,monolith,session,ehcache,no,spring-websocket,sql,mysql,mysql,gradle,elasticsearch,X,X,,OK,OK,NA,OK,X,X,X,ExceptionHandlingAsyncTaskExecutor.java;ExceptionTranslator.java;,NA
249,jhipster125,X,monolith,jwt,hazelcast,hazelcast,no,sql,InMemory,postgresql,gradle,elasticsearch,X,X,X,OK,OK,NA,OK,X,X,X,ExceptionHandlingAsyncTaskExecutor.java;ExceptionTranslator.java;,NA
250,jhipster125,,monolith,jwt,hazelcast,hazelcast,no,sql,InMemory,postgresql,gradle,elasticsearch,X,X,X,OK,OK,NA,OK,X,X,X,ExceptionHandlingAsyncTaskExecutor.java;ExceptionTranslator.java;,NA
251,jhipster126,X,gateway,jwt,no,no,no,sql,mariadb,mariadb,maven,no,,,X,OK,OK,NA,OK,X,X,X,ExceptionHandlingAsyncTaskExecutor.java;ExceptionTranslator.java;,NA
252,jhipster126,,gateway,jwt,no,no,no,sql,mariadb,mariadb,maven,no,,,X,OK,OK,NA,OK,X,X,X,ExceptionHandlingAsyncTaskExecutor.java;ExceptionTranslator.java;,NA
253,jhipster127,X,gateway,uaa,no,hazelcast,spring-websocket,sql,DiskBased,postgresql,gradle,elasticsearch,,,,OK,OK,NA,KO,X,X,X,ExceptionHandlingAsyncTaskExecutor.java;ExceptionTranslator.java;,BUG:UAAAuthenticationWithDocker
254,jhipster127,,gateway,uaa,no,hazelcast,spring-websocket,sql,DiskBased,postgresql,gradle,elasticsearch,,,,OK,OK,NA,KO,X,X,X,ExceptionHandlingAsyncTaskExecutor.java;ExceptionTranslator.java;,BUG:UAAAuthenticationWithEhcache
255,jhipster128,X,microservice,uaa,hazelcast,no,no,sql,DiskBased,mysql,maven,elasticsearch,,,X,OK,OK,NA,KO,FALSE,X,X,ExceptionHandlingAsyncTaskExecutor.java;ExceptionTranslator.java;,BUG:UAAAuthenticationWithDocker
256,jhipster128,,microservice,uaa,hazelcast,no,no,sql,DiskBased,mysql,maven,elasticsearch,,,X,OK,OK,NA,KO,FALSE,X,X,ExceptionHandlingAsyncTaskExecutor.java;ExceptionTranslator.java;,BUG:UAAAuthenticationWithEhcache
257,jhipster129,X,monolith,session,no,hazelcast,no,sql,DiskBased,mysql,gradle,elasticsearch,X,X,,OK,OK,NA,OK,X,X,X,ExceptionHandlingAsyncTaskExecutor.java;ExceptionTranslator.java;,NA
258,jhipster129,,monolith,session,no,hazelcast,no,sql,DiskBased,mysql,gradle,elasticsearch,X,X,,OK,OK,NA,OK,X,X,X,ExceptionHandlingAsyncTaskExecutor.java;ExceptionTranslator.java;,NA
259,jhipster130,X,monolith,session,ehcache,no,no,sql,InMemory,postgresql,gradle,elasticsearch,X,X,,OK,OK,NA,OK,X,X,X,ExceptionHandlingAsyncTaskExecutor.java;ExceptionTranslator.java;,NA
260,jhipster130,,monolith,session,ehcache,no,no,sql,InMemory,postgresql,gradle,elasticsearch,X,X,,OK,OK,NA,OK,X,X,X,ExceptionHandlingAsyncTaskExecutor.java;ExceptionTranslator.java;,NA
261,jhipster131,X,gateway,jwt,hazelcast,no,no,sql,InMemory,mysql,gradle,elasticsearch,,,X,OK,OK,NA,OK,X,X,X,ExceptionHandlingAsyncTaskExecutor.java;ExceptionTranslator.java;,NA
262,jhipster131,,gateway,jwt,hazelcast,no,no,sql,InMemory,mysql,gradle,elasticsearch,,,X,OK,OK,NA,OK,X,X,X,ExceptionHandlingAsyncTaskExecutor.java;ExceptionTranslator.java;,NA
263,jhipster132,X,monolith,session,hazelcast,no,spring-websocket,sql,DiskBased,postgresql,maven,elasticsearch,,,,OK,OK,NA,OK,X,X,X,ExceptionHandlingAsyncTaskExecutor.java;ExceptionTranslator.java;,NA
264,jhipster132,,monolith,session,hazelcast,no,spring-websocket,sql,DiskBased,postgresql,maven,elasticsearch,,,,OK,OK,NA,OK,X,X,X,ExceptionHandlingAsyncTaskExecutor.java;ExceptionTranslator.java;,NA
265,jhipster133,X,monolith,jwt,hazelcast,no,spring-websocket,sql,mariadb,mariadb,gradle,no,,,X,OK,OK,NA,KO,X,X,X,ExceptionHandlingAsyncTaskExecutor.java;ExceptionTranslator.java;,BUG:mariadbWithDocker
266,jhipster133,,monolith,jwt,hazelcast,no,spring-websocket,sql,mariadb,mariadb,gradle,no,,,X,OK,OK,NA,KO,X,X,X,ExceptionHandlingAsyncTaskExecutor.java;ExceptionTranslator.java;,BUG:mariadbWithGradle
267,jhipster134,X,monolith,session,hazelcast,no,spring-websocket,sql,mariadb,mariadb,gradle,elasticsearch,,,X,OK,OK,NA,KO,X,X,X,ExceptionHandlingAsyncTaskExecutor.java;ExceptionTranslator.java;,BUG:mariadbWithGradle
268,jhipster134,,monolith,session,hazelcast,no,spring-websocket,sql,mariadb,mariadb,gradle,elasticsearch,,,X,OK,OK,NA,KO,X,X,X,ExceptionHandlingAsyncTaskExecutor.java;ExceptionTranslator.java;,BUG:mariadbWithGradle
269,jhipster135,X,monolith,session,hazelcast,no,spring-websocket,sql,InMemory,postgresql,maven,no,X,X,,OK,OK,NA,OK,X,X,X,ExceptionHandlingAsyncTaskExecutor.java;ExceptionTranslator.java;,NA
270,jhipster135,,monolith,session,hazelcast,no,spring-websocket,sql,InMemory,postgresql,maven,no,X,X,,OK,OK,NA,OK,X,X,X,ExceptionHandlingAsyncTaskExecutor.java;ExceptionTranslator.java;,NA
271,jhipster136,X,monolith,jwt,no,hazelcast,spring-websocket,sql,DiskBased,postgresql,gradle,elasticsearch,X,,X,OK,OK,NA,OK,X,X,X,ExceptionHandlingAsyncTaskExecutor.java;ExceptionTranslator.java;,NA
272,jhipster136,,monolith,jwt,no,hazelcast,spring-websocket,sql,DiskBased,postgresql,gradle,elasticsearch,X,,X,OK,OK,NA,OK,X,X,X,ExceptionHandlingAsyncTaskExecutor.java;ExceptionTranslator.java;,NA
273,jhipster137,X,monolith,session,ehcache,no,spring-websocket,sql,mariadb,mariadb,gradle,no,X,,X,OK,OK,NA,KO,X,X,X,ExceptionHandlingAsyncTaskExecutor.java;ExceptionTranslator.java;,BUG:mariadbWithDocker
274,jhipster137,,monolith,session,ehcache,no,spring-websocket,sql,mariadb,mariadb,gradle,no,X,,X,OK,OK,NA,KO,X,X,X,ExceptionHandlingAsyncTaskExecutor.java;ExceptionTranslator.java;,BUG:mariadbWithGradle
275,jhipster138,X,gateway,jwt,no,no,no,sql,DiskBased,mariadb,gradle,no,,X,,OK,OK,NA,KO,X,X,X,ExceptionHandlingAsyncTaskExecutor.java;ExceptionTranslator.java;,BUG:mariadbWithGradle
276,jhipster138,,gateway,jwt,no,no,no,sql,DiskBased,mariadb,gradle,no,,X,,OK,OK,NA,KO,X,X,X,ExceptionHandlingAsyncTaskExecutor.java;ExceptionTranslator.java;,BUG:mariadbWithGradle
277,jhipster139,X,monolith,session,ehcache,hazelcast,no,sql,InMemory,postgresql,maven,elasticsearch,X,,X,OK,OK,NA,OK,X,X,X,ExceptionHandlingAsyncTaskExecutor.java;ExceptionTranslator.java;,NA
278,jhipster139,,monolith,session,ehcache,hazelcast,no,sql,InMemory,postgresql,maven,elasticsearch,X,,X,OK,OK,NA,OK,X,X,X,ExceptionHandlingAsyncTaskExecutor.java;ExceptionTranslator.java;,NA
279,jhipster140,X,monolith,oauth2,no,no,spring-websocket,mongodb,mongodb,mongodb,gradle,no,,,,OK,OK,NA,OK,X,X,X,ExceptionHandlingAsyncTaskExecutor.java;ExceptionTranslator.java;,NA
280,jhipster140,,monolith,oauth2,no,no,spring-websocket,mongodb,mongodb,mongodb,gradle,no,,,,OK,OK,NA,OK,X,X,X,ExceptionHandlingAsyncTaskExecutor.java;ExceptionTranslator.java;,NA
281,jhipster141,X,monolith,oauth2,hazelcast,no,spring-websocket,sql,mariadb,mariadb,gradle,no,,,,OK,OK,NA,KO,X,X,X,ExceptionHandlingAsyncTaskExecutor.java;ExceptionTranslator.java;,BUG:mariadbWithDocker
282,jhipster141,,monolith,oauth2,hazelcast,no,spring-websocket,sql,mariadb,mariadb,gradle,no,,,,OK,OK,NA,KO,X,X,X,ExceptionHandlingAsyncTaskExecutor.java;ExceptionTranslator.java;,BUG:mariadbWithGradle
283,jhipster142,X,gateway,jwt,ehcache,hazelcast,spring-websocket,sql,mysql,mysql,gradle,no,,X,,OK,OK,NA,OK,X,X,X,ExceptionHandlingAsyncTaskExecutor.java;ExceptionTranslator.java;,NA
284,jhipster142,,gateway,jwt,ehcache,hazelcast,spring-websocket,sql,mysql,mysql,gradle,no,,X,,OK,OK,NA,OK,X,X,X,ExceptionHandlingAsyncTaskExecutor.java;ExceptionTranslator.java;,NA
285,jhipster143,X,monolith,jwt,no,hazelcast,no,sql,InMemory,postgresql,maven,no,,X,,OK,OK,NA,OK,X,X,X,ExceptionHandlingAsyncTaskExecutor.java;ExceptionTranslator.java;,NA
286,jhipster143,,monolith,jwt,no,hazelcast,no,sql,InMemory,postgresql,maven,no,,X,,OK,OK,NA,OK,X,X,X,ExceptionHandlingAsyncTaskExecutor.java;ExceptionTranslator.java;,NA
287,jhipster144,X,monolith,oauth2,hazelcast,no,spring-websocket,sql,mysql,mysql,maven,no,,X,X,OK,OK,NA,OK,X,X,X,ExceptionHandlingAsyncTaskExecutor.java;ExceptionTranslator.java;,NA
288,jhipster144,,monolith,oauth2,hazelcast,no,spring-websocket,sql,mysql,mysql,maven,no,,X,X,OK,OK,NA,OK,X,X,X,ExceptionHandlingAsyncTaskExecutor.java;ExceptionTranslator.java;,NA
289,jhipster145,X,monolith,jwt,ehcache,hazelcast,no,sql,mariadb,mariadb,maven,no,,,,OK,OK,NA,KO,X,X,X,ExceptionHandlingAsyncTaskExecutor.java;ExceptionTranslator.java;,BUG:mariadbWithDocker
290,jhipster145,,monolith,jwt,ehcache,hazelcast,no,sql,mariadb,mariadb,maven,no,,,,OK,OK,NA,OK,X,X,X,ExceptionHandlingAsyncTaskExecutor.java;ExceptionTranslator.java;,NA
291,jhipster146,X,microservice,jwt,hazelcast,no,no,sql,DiskBased,mariadb,gradle,elasticsearch,,,,OK,OK,NA,KO,FALSE,X,X,ExceptionHandlingAsyncTaskExecutor.java;ExceptionTranslator.java;,BUG:mariadbWithGradle
292,jhipster146,,microservice,jwt,hazelcast,no,no,sql,DiskBased,mariadb,gradle,elasticsearch,,,,OK,OK,NA,KO,FALSE,X,X,ExceptionHandlingAsyncTaskExecutor.java;ExceptionTranslator.java;,BUG:mariadbWithGradle
293,jhipster147,X,gateway,jwt,hazelcast,no,spring-websocket,sql,DiskBased,mysql,gradle,elasticsearch,,,X,OK,OK,NA,OK,X,X,X,ExceptionHandlingAsyncTaskExecutor.java;ExceptionTranslator.java;,NA
294,jhipster147,,gateway,jwt,hazelcast,no,spring-websocket,sql,DiskBased,mysql,gradle,elasticsearch,,,X,OK,OK,NA,OK,X,X,X,ExceptionHandlingAsyncTaskExecutor.java;ExceptionTranslator.java;,NA
295,jhipster148,X,monolith,session,hazelcast,hazelcast,spring-websocket,sql,DiskBased,mysql,maven,no,,X,X,OK,OK,NA,OK,X,X,X,ExceptionHandlingAsyncTaskExecutor.java;ExceptionTranslator.java;,NA
296,jhipster148,,monolith,session,hazelcast,hazelcast,spring-websocket,sql,DiskBased,mysql,maven,no,,X,X,OK,OK,NA,OK,X,X,X,ExceptionHandlingAsyncTaskExecutor.java;ExceptionTranslator.java;,NA
297,jhipster149,X,monolith,session,hazelcast,no,no,sql,InMemory,mysql,gradle,elasticsearch,,X,X,OK,OK,NA,OK,X,X,X,ExceptionHandlingAsyncTaskExecutor.java;ExceptionTranslator.java;,NA
298,jhipster149,,monolith,session,hazelcast,no,no,sql,InMemory,mysql,gradle,elasticsearch,,X,X,OK,OK,NA,OK,X,X,X,ExceptionHandlingAsyncTaskExecutor.java;ExceptionTranslator.java;,NA
299,jhipster150,X,gateway,jwt,no,no,spring-websocket,sql,mysql,mysql,gradle,elasticsearch,,,,OK,OK,NA,OK,X,X,X,ExceptionHandlingAsyncTaskExecutor.java;ExceptionTranslator.java;,NA
300,jhipster150,,gateway,jwt,no,no,spring-websocket,sql,mysql,mysql,gradle,elasticsearch,,,,OK,OK,NA,OK,X,X,X,ExceptionHandlingAsyncTaskExecutor.java;ExceptionTranslator.java;,NA
301,jhipster151,X,monolith,session,no,hazelcast,spring-websocket,sql,mysql,mysql,gradle,no,X,X,X,OK,OK,NA,OK,X,X,X,ExceptionHandlingAsyncTaskExecutor.java;ExceptionTranslator.java;,NA
302,jhipster151,,monolith,session,no,hazelcast,spring-websocket,sql,mysql,mysql,gradle,no,X,X,X,OK,OK,NA,OK,X,X,X,ExceptionHandlingAsyncTaskExecutor.java;ExceptionTranslator.java;,NA
303,jhipster152,X,monolith,session,ehcache,no,spring-websocket,sql,InMemory,mysql,gradle,elasticsearch,X,,,OK,OK,NA,OK,X,X,X,ExceptionHandlingAsyncTaskExecutor.java;ExceptionTranslator.java;,NA
304,jhipster152,,monolith,session,ehcache,no,spring-websocket,sql,InMemory,mysql,gradle,elasticsearch,X,,,OK,OK,NA,OK,X,X,X,ExceptionHandlingAsyncTaskExecutor.java;ExceptionTranslator.java;,NA
305,jhipster153,X,gateway,uaa,ehcache,no,spring-websocket,sql,InMemory,mysql,gradle,elasticsearch,,,X,OK,OK,NA,KO,X,X,X,ExceptionHandlingAsyncTaskExecutor.java;ExceptionTranslator.java;,BUG:UAAAuthenticationWithDocker
306,jhipster153,,gateway,uaa,ehcache,no,spring-websocket,sql,InMemory,mysql,gradle,elasticsearch,,,X,OK,OK,NA,KO,X,X,X,ExceptionHandlingAsyncTaskExecutor.java;ExceptionTranslator.java;,BUG:UAAAuthenticationWithEhcache
307,jhipster154,X,gateway,jwt,hazelcast,no,no,sql,InMemory,mariadb,gradle,no,,,,OK,OK,NA,KO,X,X,X,ExceptionHandlingAsyncTaskExecutor.java;ExceptionTranslator.java;,BUG:mariadbWithGradle
308,jhipster154,,gateway,jwt,hazelcast,no,no,sql,InMemory,mariadb,gradle,no,,,,OK,OK,NA,KO,X,X,X,ExceptionHandlingAsyncTaskExecutor.java;ExceptionTranslator.java;,BUG:mariadbWithGradle
309,jhipster155,X,gateway,jwt,ehcache,no,spring-websocket,sql,InMemory,mariadb,maven,no,,X,,OK,OK,NA,OK,X,X,X,ExceptionHandlingAsyncTaskExecutor.java;ExceptionTranslator.java;,NA
310,jhipster155,,gateway,jwt,ehcache,no,spring-websocket,sql,InMemory,mariadb,maven,no,,X,,OK,OK,NA,OK,X,X,X,ExceptionHandlingAsyncTaskExecutor.java;ExceptionTranslator.java;,NA
311,jhipster156,X,monolith,jwt,no,no,spring-websocket,sql,DiskBased,postgresql,gradle,elasticsearch,,,,OK,OK,NA,OK,X,X,X,ExceptionHandlingAsyncTaskExecutor.java;ExceptionTranslator.java;,NA
312,jhipster156,,monolith,jwt,no,no,spring-websocket,sql,DiskBased,postgresql,gradle,elasticsearch,,,,OK,OK,NA,OK,X,X,X,ExceptionHandlingAsyncTaskExecutor.java;ExceptionTranslator.java;,NA
313,jhipster157,X,gateway,jwt,no,hazelcast,no,sql,InMemory,mariadb,gradle,elasticsearch,,,,OK,OK,NA,KO,X,X,X,ExceptionHandlingAsyncTaskExecutor.java;ExceptionTranslator.java;,BUG:mariadbWithGradle
314,jhipster157,,gateway,jwt,no,hazelcast,no,sql,InMemory,mariadb,gradle,elasticsearch,,,,OK,OK,NA,KO,X,X,X,ExceptionHandlingAsyncTaskExecutor.java;ExceptionTranslator.java;,BUG:mariadbWithGradle
315,jhipster158,X,microservice,uaa,no,no,no,sql,DiskBased,mariadb,maven,elasticsearch,,,,OK,OK,NA,KO,FALSE,X,X,ExceptionHandlingAsyncTaskExecutor.java;ExceptionTranslator.java;,BUG:UAAAuthenticationWithDocker
316,jhipster158,,microservice,uaa,no,no,no,sql,DiskBased,mariadb,maven,elasticsearch,,,,OK,OK,NA,KO,FALSE,X,X,ExceptionHandlingAsyncTaskExecutor.java;ExceptionTranslator.java;,BUG:UAAAuthenticationWithEhcache
317,jhipster159,X,gateway,jwt,no,no,spring-websocket,sql,DiskBased,mysql,maven,elasticsearch,,X,,OK,OK,NA,OK,X,X,X,ExceptionHandlingAsyncTaskExecutor.java;ExceptionTranslator.java;,NA
318,jhipster159,,gateway,jwt,no,no,spring-websocket,sql,DiskBased,mysql,maven,elasticsearch,,X,,OK,OK,NA,OK,X,X,X,ExceptionHandlingAsyncTaskExecutor.java;ExceptionTranslator.java;,NA
319,jhipster160,X,gateway,jwt,ehcache,no,no,sql,mysql,mysql,gradle,elasticsearch,,,X,OK,OK,NA,OK,X,X,X,ExceptionHandlingAsyncTaskExecutor.java;ExceptionTranslator.java;,NA
320,jhipster160,,gateway,jwt,ehcache,no,no,sql,mysql,mysql,gradle,elasticsearch,,,X,OK,OK,NA,OK,X,X,X,ExceptionHandlingAsyncTaskExecutor.java;ExceptionTranslator.java;,NA
321,jhipster161,X,monolith,session,ehcache,no,no,sql,InMemory,mariadb,maven,no,X,,X,OK,OK,NA,KO,X,X,X,ExceptionHandlingAsyncTaskExecutor.java;ExceptionTranslator.java;,BUG:mariadbWithDocker
322,jhipster161,,monolith,session,ehcache,no,no,sql,InMemory,mariadb,maven,no,X,,X,OK,OK,NA,OK,X,X,X,ExceptionHandlingAsyncTaskExecutor.java;ExceptionTranslator.java;,NA
323,jhipster162,X,monolith,session,no,no,no,sql,DiskBased,mysql,maven,no,,,,OK,OK,NA,OK,X,X,X,ExceptionHandlingAsyncTaskExecutor.java;ExceptionTranslator.java;,NA
324,jhipster162,,monolith,session,no,no,no,sql,DiskBased,mysql,maven,no,,,,OK,OK,NA,OK,X,X,X,ExceptionHandlingAsyncTaskExecutor.java;ExceptionTranslator.java;,NA
325,jhipster163,X,monolith,jwt,no,hazelcast,spring-websocket,sql,mariadb,mariadb,maven,elasticsearch,,,X,OK,OK,NA,OK,X,X,X,ExceptionHandlingAsyncTaskExecutor.java;ExceptionTranslator.java;,NA
326,jhipster163,,monolith,jwt,no,hazelcast,spring-websocket,sql,mariadb,mariadb,maven,elasticsearch,,,X,OK,OK,NA,OK,X,X,X,ExceptionHandlingAsyncTaskExecutor.java;ExceptionTranslator.java;,NA
327,jhipster164,X,monolith,session,hazelcast,hazelcast,spring-websocket,sql,mariadb,mariadb,maven,elasticsearch,X,X,,OK,OK,NA,OK,X,X,X,ExceptionHandlingAsyncTaskExecutor.java;ExceptionTranslator.java;,NA
328,jhipster164,,monolith,session,hazelcast,hazelcast,spring-websocket,sql,mariadb,mariadb,maven,elasticsearch,X,X,,OK,OK,NA,OK,X,X,X,ExceptionHandlingAsyncTaskExecutor.java;ExceptionTranslator.java;,NA
329,jhipster165,X,monolith,session,hazelcast,hazelcast,no,sql,mysql,mysql,maven,no,X,,X,OK,OK,NA,OK,X,X,X,ExceptionHandlingAsyncTaskExecutor.java;ExceptionTranslator.java;,NA
330,jhipster165,,monolith,session,hazelcast,hazelcast,no,sql,mysql,mysql,maven,no,X,,X,OK,OK,NA,OK,X,X,X,ExceptionHandlingAsyncTaskExecutor.java;ExceptionTranslator.java;,NA
331,jhipster166,X,monolith,jwt,hazelcast,hazelcast,spring-websocket,sql,InMemory,mysql,gradle,no,,,,OK,OK,NA,OK,X,X,X,ExceptionHandlingAsyncTaskExecutor.java;ExceptionTranslator.java;,NA
332,jhipster166,,monolith,jwt,hazelcast,hazelcast,spring-websocket,sql,InMemory,mysql,gradle,no,,,,OK,OK,NA,OK,X,X,X,ExceptionHandlingAsyncTaskExecutor.java;ExceptionTranslator.java;,NA
333,jhipster167,X,monolith,session,ehcache,no,no,sql,InMemory,mysql,gradle,no,X,X,X,OK,OK,NA,OK,X,X,X,ExceptionHandlingAsyncTaskExecutor.java;ExceptionTranslator.java;,NA
334,jhipster167,,monolith,session,ehcache,no,no,sql,InMemory,mysql,gradle,no,X,X,X,OK,OK,NA,OK,X,X,X,ExceptionHandlingAsyncTaskExecutor.java;ExceptionTranslator.java;,NA
335,jhipster168,X,gateway,uaa,no,hazelcast,spring-websocket,sql,DiskBased,mariadb,maven,no,,X,,OK,OK,NA,KO,X,X,X,ExceptionHandlingAsyncTaskExecutor.java;ExceptionTranslator.java;,BUG:UAAAuthenticationWithDocker
336,jhipster168,,gateway,uaa,no,hazelcast,spring-websocket,sql,DiskBased,mariadb,maven,no,,X,,OK,OK,NA,KO,X,X,X,ExceptionHandlingAsyncTaskExecutor.java;ExceptionTranslator.java;,BUG:UAAAuthenticationWithEhcache
337,jhipster169,X,uaa,uaa,ehcache,no,no,sql,DiskBased,mariadb,maven,elasticsearch,,,,OK,OK,NA,OK,FALSE,X,X,ExceptionHandlingAsyncTaskExecutor.java;ExceptionTranslator.java;,NA
338,jhipster169,,uaa,uaa,ehcache,no,no,sql,DiskBased,mariadb,maven,elasticsearch,,,,OK,OK,NA,OK,FALSE,X,X,ExceptionHandlingAsyncTaskExecutor.java;ExceptionTranslator.java;,NA
339,jhipster170,X,monolith,jwt,no,no,no,sql,mariadb,mariadb,maven,no,,X,X,OK,OK,NA,KO,X,X,X,ExceptionHandlingAsyncTaskExecutor.java;ExceptionTranslator.java;,BUG:mariadbWithDocker
340,jhipster170,,monolith,jwt,no,no,no,sql,mariadb,mariadb,maven,no,,X,X,OK,OK,NA,OK,X,X,X,ExceptionHandlingAsyncTaskExecutor.java;ExceptionTranslator.java;,NA
341,jhipster171,X,gateway,jwt,hazelcast,hazelcast,no,sql,mariadb,mariadb,gradle,no,,,X,OK,OK,NA,KO,X,X,X,ExceptionHandlingAsyncTaskExecutor.java;ExceptionTranslator.java;,BUG:mariadbWithGradle
342,jhipster171,,gateway,jwt,hazelcast,hazelcast,no,sql,mariadb,mariadb,gradle,no,,,X,OK,OK,NA,KO,X,X,X,ExceptionHandlingAsyncTaskExecutor.java;ExceptionTranslator.java;,BUG:mariadbWithGradle
343,jhipster172,X,monolith,session,ehcache,no,spring-websocket,sql,InMemory,mariadb,maven,no,,,,OK,OK,NA,KO,X,X,X,ExceptionHandlingAsyncTaskExecutor.java;ExceptionTranslator.java;,BUG:mariadbWithDocker
344,jhipster172,,monolith,session,ehcache,no,spring-websocket,sql,InMemory,mariadb,maven,no,,,,OK,OK,NA,OK,X,X,X,ExceptionHandlingAsyncTaskExecutor.java;ExceptionTranslator.java;,NA
345,jhipster173,X,gateway,jwt,hazelcast,hazelcast,spring-websocket,sql,InMemory,postgresql,maven,elasticsearch,,,X,OK,OK,NA,OK,X,X,X,ExceptionHandlingAsyncTaskExecutor.java;ExceptionTranslator.java;,NA
346,jhipster173,,gateway,jwt,hazelcast,hazelcast,spring-websocket,sql,InMemory,postgresql,maven,elasticsearch,,,X,OK,OK,NA,OK,X,X,X,ExceptionHandlingAsyncTaskExecutor.java;ExceptionTranslator.java;,NA
347,jhipster174,X,monolith,jwt,hazelcast,hazelcast,no,sql,InMemory,postgresql,gradle,elasticsearch,X,,X,OK,OK,NA,OK,X,X,X,ExceptionHandlingAsyncTaskExecutor.java;ExceptionTranslator.java;,NA
348,jhipster174,,monolith,jwt,hazelcast,hazelcast,no,sql,InMemory,postgresql,gradle,elasticsearch,X,,X,OK,OK,NA,OK,X,X,X,ExceptionHandlingAsyncTaskExecutor.java;ExceptionTranslator.java;,NA
349,jhipster175,X,monolith,jwt,no,hazelcast,no,sql,InMemory,mysql,maven,no,,,X,OK,OK,NA,OK,X,X,X,ExceptionHandlingAsyncTaskExecutor.java;ExceptionTranslator.java;,NA
350,jhipster175,,monolith,jwt,no,hazelcast,no,sql,InMemory,mysql,maven,no,,,X,OK,OK,NA,OK,X,X,X,ExceptionHandlingAsyncTaskExecutor.java;ExceptionTranslator.java;,NA
351,jhipster176,X,monolith,oauth2,no,no,no,sql,DiskBased,postgresql,gradle,elasticsearch,,X,,OK,OK,NA,OK,X,X,X,ExceptionHandlingAsyncTaskExecutor.java;ExceptionTranslator.java;,NA
352,jhipster176,,monolith,oauth2,no,no,no,sql,DiskBased,postgresql,gradle,elasticsearch,,X,,OK,OK,NA,OK,X,X,X,ExceptionHandlingAsyncTaskExecutor.java;ExceptionTranslator.java;,NA
353,jhipster177,X,monolith,session,hazelcast,hazelcast,spring-websocket,sql,mysql,mysql,maven,no,,X,X,OK,OK,NA,OK,X,X,X,ExceptionHandlingAsyncTaskExecutor.java;ExceptionTranslator.java;,NA
354,jhipster177,,monolith,session,hazelcast,hazelcast,spring-websocket,sql,mysql,mysql,maven,no,,X,X,OK,OK,NA,OK,X,X,X,ExceptionHandlingAsyncTaskExecutor.java;ExceptionTranslator.java;,NA
355,jhipster178,X,monolith,oauth2,hazelcast,no,no,sql,InMemory,mysql,gradle,elasticsearch,,X,,OK,OK,NA,OK,X,X,X,ExceptionHandlingAsyncTaskExecutor.java;ExceptionTranslator.java;,NA
356,jhipster178,,monolith,oauth2,hazelcast,no,no,sql,InMemory,mysql,gradle,elasticsearch,,X,,OK,OK,NA,OK,X,X,X,ExceptionHandlingAsyncTaskExecutor.java;ExceptionTranslator.java;,NA
357,jhipster179,X,monolith,jwt,ehcache,hazelcast,no,sql,InMemory,mariadb,gradle,no,,,X,OK,OK,NA,KO,X,X,X,ExceptionHandlingAsyncTaskExecutor.java;ExceptionTranslator.java;,BUG:mariadbWithDocker
358,jhipster179,,monolith,jwt,ehcache,hazelcast,no,sql,InMemory,mariadb,gradle,no,,,X,OK,OK,NA,KO,X,X,X,ExceptionHandlingAsyncTaskExecutor.java;ExceptionTranslator.java;,BUG:mariadbWithGradle
359,jhipster180,X,gateway,jwt,hazelcast,no,spring-websocket,sql,InMemory,mysql,maven,elasticsearch,,,,OK,OK,NA,OK,X,X,X,ExceptionHandlingAsyncTaskExecutor.java;ExceptionTranslator.java;,NA
360,jhipster180,,gateway,jwt,hazelcast,no,spring-websocket,sql,InMemory,mysql,maven,elasticsearch,,,,OK,OK,NA,OK,X,X,X,ExceptionHandlingAsyncTaskExecutor.java;ExceptionTranslator.java;,NA
361,jhipster181,X,gateway,jwt,no,hazelcast,spring-websocket,sql,mariadb,mariadb,maven,elasticsearch,,X,X,OK,OK,NA,OK,X,X,X,ExceptionHandlingAsyncTaskExecutor.java;ExceptionTranslator.java;,NA
362,jhipster181,,gateway,jwt,no,hazelcast,spring-websocket,sql,mariadb,mariadb,maven,elasticsearch,,X,X,OK,OK,NA,OK,X,X,X,ExceptionHandlingAsyncTaskExecutor.java;ExceptionTranslator.java;,NA
363,jhipster182,X,monolith,jwt,ehcache,hazelcast,no,sql,mysql,mysql,maven,elasticsearch,X,,,OK,OK,NA,OK,X,X,X,ExceptionHandlingAsyncTaskExecutor.java;ExceptionTranslator.java;,NA
364,jhipster182,,monolith,jwt,ehcache,hazelcast,no,sql,mysql,mysql,maven,elasticsearch,X,,,OK,OK,NA,OK,X,X,X,ExceptionHandlingAsyncTaskExecutor.java;ExceptionTranslator.java;,NA
365,jhipster183,X,monolith,session,no,hazelcast,spring-websocket,sql,mariadb,mariadb,maven,elasticsearch,X,,X,OK,OK,NA,OK,X,X,X,ExceptionHandlingAsyncTaskExecutor.java;ExceptionTranslator.java;,NA
366,jhipster183,,monolith,session,no,hazelcast,spring-websocket,sql,mariadb,mariadb,maven,elasticsearch,X,,X,OK,OK,NA,OK,X,X,X,ExceptionHandlingAsyncTaskExecutor.java;ExceptionTranslator.java;,NA
367,jhipster184,X,monolith,oauth2,hazelcast,no,spring-websocket,sql,mysql,mysql,maven,elasticsearch,,X,X,OK,OK,NA,KO,X,X,X,ExceptionHandlingAsyncTaskExecutor.java;ExceptionTranslator.java;,BUG:OAUTH2
368,jhipster184,,monolith,oauth2,hazelcast,no,spring-websocket,sql,mysql,mysql,maven,elasticsearch,,X,X,OK,OK,NA,OK,X,X,X,ExceptionHandlingAsyncTaskExecutor.java;ExceptionTranslator.java;,NA
369,jhipster185,X,gateway,jwt,hazelcast,no,no,sql,mysql,mysql,maven,elasticsearch,,X,X,OK,OK,NA,OK,X,X,X,ExceptionHandlingAsyncTaskExecutor.java;ExceptionTranslator.java;,NA
370,jhipster185,,gateway,jwt,hazelcast,no,no,sql,mysql,mysql,maven,elasticsearch,,X,X,OK,OK,NA,OK,X,X,X,ExceptionHandlingAsyncTaskExecutor.java;ExceptionTranslator.java;,NA
371,jhipster186,X,monolith,jwt,hazelcast,hazelcast,no,sql,DiskBased,postgresql,maven,elasticsearch,X,X,X,OK,OK,NA,OK,X,X,X,ExceptionHandlingAsyncTaskExecutor.java;ExceptionTranslator.java;,NA
372,jhipster186,,monolith,jwt,hazelcast,hazelcast,no,sql,DiskBased,postgresql,maven,elasticsearch,X,X,X,OK,OK,NA,OK,X,X,X,ExceptionHandlingAsyncTaskExecutor.java;ExceptionTranslator.java;,NA
373,jhipster187,X,monolith,oauth2,ehcache,no,no,sql,mysql,mysql,gradle,elasticsearch,,,X,OK,OK,NA,KO,X,X,X,ExceptionHandlingAsyncTaskExecutor.java;ExceptionTranslator.java;,BUG:OAUTH2
374,jhipster187,,monolith,oauth2,ehcache,no,no,sql,mysql,mysql,gradle,elasticsearch,,,X,OK,OK,NA,OK,X,X,X,ExceptionHandlingAsyncTaskExecutor.java;ExceptionTranslator.java;,NA
375,jhipster188,X,monolith,jwt,no,no,spring-websocket,sql,InMemory,mysql,gradle,no,X,X,X,OK,OK,NA,OK,X,X,X,ExceptionHandlingAsyncTaskExecutor.java;ExceptionTranslator.java;,NA
376,jhipster188,,monolith,jwt,no,no,spring-websocket,sql,InMemory,mysql,gradle,no,X,X,X,OK,OK,NA,OK,X,X,X,ExceptionHandlingAsyncTaskExecutor.java;ExceptionTranslator.java;,NA
377,jhipster189,X,gateway,uaa,ehcache,no,spring-websocket,sql,InMemory,postgresql,maven,no,,,,OK,OK,NA,KO,X,X,X,ExceptionHandlingAsyncTaskExecutor.java;ExceptionTranslator.java;,BUG:UAAAuthenticationWithDocker
378,jhipster189,,gateway,uaa,ehcache,no,spring-websocket,sql,InMemory,postgresql,maven,no,,,,OK,OK,NA,KO,X,X,X,ExceptionHandlingAsyncTaskExecutor.java;ExceptionTranslator.java;,BUG:UAAAuthenticationWithEhcache
379,jhipster190,X,monolith,session,ehcache,no,spring-websocket,sql,InMemory,mariadb,gradle,elasticsearch,X,X,,OK,OK,NA,KO,X,X,X,ExceptionHandlingAsyncTaskExecutor.java;ExceptionTranslator.java;,BUG:mariadbWithGradle
380,jhipster190,,monolith,session,ehcache,no,spring-websocket,sql,InMemory,mariadb,gradle,elasticsearch,X,X,,OK,OK,NA,KO,X,X,X,ExceptionHandlingAsyncTaskExecutor.java;ExceptionTranslator.java;,BUG:mariadbWithGradle
381,jhipster191,X,microservice,uaa,ehcache,no,no,sql,postgresql,postgresql,gradle,elasticsearch,,,X,OK,OK,NA,KO,FALSE,X,X,ExceptionHandlingAsyncTaskExecutor.java;ExceptionTranslator.java;,BUG:UAAAuthenticationWithDocker
382,jhipster191,,microservice,uaa,ehcache,no,no,sql,postgresql,postgresql,gradle,elasticsearch,,,X,OK,OK,NA,KO,FALSE,X,X,ExceptionHandlingAsyncTaskExecutor.java;ExceptionTranslator.java;,BUG:UAAAuthenticationWithEhcache
383,jhipster192,X,monolith,jwt,hazelcast,hazelcast,spring-websocket,sql,mariadb,mariadb,maven,no,X,X,X,OK,OK,NA,KO,X,X,X,ExceptionHandlingAsyncTaskExecutor.java;ExceptionTranslator.java;,BUG:mariadbWithDocker
384,jhipster192,,monolith,jwt,hazelcast,hazelcast,spring-websocket,sql,mariadb,mariadb,maven,no,X,X,X,OK,OK,NA,OK,X,X,X,ExceptionHandlingAsyncTaskExecutor.java;ExceptionTranslator.java;,NA
385,jhipster193,X,monolith,jwt,ehcache,no,spring-websocket,sql,DiskBased,mysql,maven,elasticsearch,,,,OK,OK,NA,OK,X,X,X,ExceptionHandlingAsyncTaskExecutor.java;ExceptionTranslator.java;,NA
386,jhipster193,,monolith,jwt,ehcache,no,spring-websocket,sql,DiskBased,mysql,maven,elasticsearch,,,,OK,OK,NA,OK,X,X,X,ExceptionHandlingAsyncTaskExecutor.java;ExceptionTranslator.java;,NA
387,jhipster194,X,monolith,jwt,hazelcast,hazelcast,no,sql,DiskBased,postgresql,maven,elasticsearch,,,,OK,OK,NA,OK,X,X,X,ExceptionHandlingAsyncTaskExecutor.java;ExceptionTranslator.java;,NA
388,jhipster194,,monolith,jwt,hazelcast,hazelcast,no,sql,DiskBased,postgresql,maven,elasticsearch,,,,OK,OK,NA,OK,X,X,X,ExceptionHandlingAsyncTaskExecutor.java;ExceptionTranslator.java;,NA
389,jhipster195,X,gateway,jwt,ehcache,no,no,sql,DiskBased,postgresql,maven,elasticsearch,,X,,OK,OK,NA,OK,X,X,X,ExceptionHandlingAsyncTaskExecutor.java;ExceptionTranslator.java;,NA
390,jhipster195,,gateway,jwt,ehcache,no,no,sql,DiskBased,postgresql,maven,elasticsearch,,X,,OK,OK,NA,OK,X,X,X,ExceptionHandlingAsyncTaskExecutor.java;ExceptionTranslator.java;,NA
391,jhipster196,X,monolith,oauth2,no,hazelcast,no,sql,postgresql,postgresql,maven,no,,X,X,OK,OK,NA,KO,X,X,X,ExceptionHandlingAsyncTaskExecutor.java;ExceptionTranslator.java;,BUG:OAUTH2
392,jhipster196,,monolith,oauth2,no,hazelcast,no,sql,postgresql,postgresql,maven,no,,X,X,OK,OK,NA,OK,X,X,X,ExceptionHandlingAsyncTaskExecutor.java;ExceptionTranslator.java;,NA
393,jhipster197,X,monolith,jwt,ehcache,no,spring-websocket,sql,DiskBased,mariadb,maven,no,,,,OK,OK,NA,KO,X,X,X,ExceptionHandlingAsyncTaskExecutor.java;ExceptionTranslator.java;,BUG:mariadbWithDocker
394,jhipster197,,monolith,jwt,ehcache,no,spring-websocket,sql,DiskBased,mariadb,maven,no,,,,OK,OK,NA,OK,X,X,X,ExceptionHandlingAsyncTaskExecutor.java;ExceptionTranslator.java;,NA
395,jhipster198,X,monolith,jwt,ehcache,hazelcast,no,sql,mysql,mysql,gradle,elasticsearch,,,,OK,OK,NA,OK,X,X,X,ExceptionHandlingAsyncTaskExecutor.java;ExceptionTranslator.java;,NA
396,jhipster198,,monolith,jwt,ehcache,hazelcast,no,sql,mysql,mysql,gradle,elasticsearch,,,,OK,OK,NA,OK,X,X,X,ExceptionHandlingAsyncTaskExecutor.java;ExceptionTranslator.java;,NA
397,jhipster199,X,monolith,session,no,no,no,sql,DiskBased,mariadb,maven,no,X,X,X,OK,OK,NA,KO,X,X,X,ExceptionHandlingAsyncTaskExecutor.java;ExceptionTranslator.java;,BUG:mariadbWithDocker
398,jhipster199,,monolith,session,no,no,no,sql,DiskBased,mariadb,maven,no,X,X,X,OK,OK,NA,OK,X,X,X,ExceptionHandlingAsyncTaskExecutor.java;ExceptionTranslator.java;,NA
399,jhipster200,X,microservice,jwt,hazelcast,no,no,sql,InMemory,postgresql,gradle,elasticsearch,,,X,OK,OK,NA,OK,FALSE,X,X,ExceptionHandlingAsyncTaskExecutor.java;ExceptionTranslator.java;,NA
400,jhipster200,,microservice,jwt,hazelcast,no,no,sql,InMemory,postgresql,gradle,elasticsearch,,,X,OK,OK,NA,OK,FALSE,X,X,ExceptionHandlingAsyncTaskExecutor.java;ExceptionTranslator.java;,NA
401,jhipster201,X,gateway,jwt,hazelcast,hazelcast,no,sql,mariadb,mariadb,gradle,elasticsearch,,X,,OK,OK,NA,KO,X,X,X,ExceptionHandlingAsyncTaskExecutor.java;ExceptionTranslator.java;,BUG:mariadbWithGradle
402,jhipster201,,gateway,jwt,hazelcast,hazelcast,no,sql,mariadb,mariadb,gradle,elasticsearch,,X,,OK,OK,NA,KO,X,X,X,ExceptionHandlingAsyncTaskExecutor.java;ExceptionTranslator.java;,BUG:mariadbWithGradle
403,jhipster202,X,monolith,session,hazelcast,hazelcast,spring-websocket,sql,DiskBased,postgresql,gradle,elasticsearch,,,X,OK,OK,NA,OK,X,X,X,ExceptionHandlingAsyncTaskExecutor.java;ExceptionTranslator.java;,NA
404,jhipster202,,monolith,session,hazelcast,hazelcast,spring-websocket,sql,DiskBased,postgresql,gradle,elasticsearch,,,X,OK,OK,NA,OK,X,X,X,ExceptionHandlingAsyncTaskExecutor.java;ExceptionTranslator.java;,NA
405,jhipster203,X,monolith,session,ehcache,hazelcast,no,sql,DiskBased,mysql,maven,no,X,,X,OK,OK,NA,OK,X,X,X,ExceptionHandlingAsyncTaskExecutor.java;ExceptionTranslator.java;,NA
406,jhipster203,,monolith,session,ehcache,hazelcast,no,sql,DiskBased,mysql,maven,no,X,,X,OK,OK,NA,OK,X,X,X,ExceptionHandlingAsyncTaskExecutor.java;ExceptionTranslator.java;,NA
407,jhipster204,X,gateway,jwt,hazelcast,hazelcast,spring-websocket,sql,postgresql,postgresql,maven,no,,,X,OK,OK,NA,OK,X,X,X,ExceptionHandlingAsyncTaskExecutor.java;ExceptionTranslator.java;,NA
408,jhipster204,,gateway,jwt,hazelcast,hazelcast,spring-websocket,sql,postgresql,postgresql,maven,no,,,X,OK,OK,NA,OK,X,X,X,ExceptionHandlingAsyncTaskExecutor.java;ExceptionTranslator.java;,NA
409,jhipster205,X,gateway,jwt,no,hazelcast,spring-websocket,sql,InMemory,mariadb,gradle,no,,X,X,OK,OK,NA,KO,X,X,X,ExceptionHandlingAsyncTaskExecutor.java;ExceptionTranslator.java;,BUG:mariadbWithGradle
410,jhipster205,,gateway,jwt,no,hazelcast,spring-websocket,sql,InMemory,mariadb,gradle,no,,X,X,OK,OK,NA,KO,X,X,X,ExceptionHandlingAsyncTaskExecutor.java;ExceptionTranslator.java;,BUG:mariadbWithGradle
411,jhipster206,X,monolith,jwt,no,no,no,sql,InMemory,mariadb,maven,no,X,X,X,OK,OK,NA,KO,X,X,X,ExceptionHandlingAsyncTaskExecutor.java;ExceptionTranslator.java;,BUG:mariadbWithDocker
412,jhipster206,,monolith,jwt,no,no,no,sql,InMemory,mariadb,maven,no,X,X,X,OK,OK,NA,OK,X,X,X,ExceptionHandlingAsyncTaskExecutor.java;ExceptionTranslator.java;,NA
413,jhipster207,X,monolith,session,hazelcast,no,no,sql,InMemory,postgresql,maven,no,X,X,,OK,OK,NA,OK,X,X,X,ExceptionHandlingAsyncTaskExecutor.java;ExceptionTranslator.java;,NA
414,jhipster207,,monolith,session,hazelcast,no,no,sql,InMemory,postgresql,maven,no,X,X,,OK,OK,NA,OK,X,X,X,ExceptionHandlingAsyncTaskExecutor.java;ExceptionTranslator.java;,NA
415,jhipster208,X,gateway,jwt,ehcache,no,no,sql,mysql,mysql,gradle,elasticsearch,,X,X,OK,OK,NA,OK,X,X,X,ExceptionHandlingAsyncTaskExecutor.java;ExceptionTranslator.java;,NA
416,jhipster208,,gateway,jwt,ehcache,no,no,sql,mysql,mysql,gradle,elasticsearch,,X,X,OK,OK,NA,OK,X,X,X,ExceptionHandlingAsyncTaskExecutor.java;ExceptionTranslator.java;,NA
417,jhipster209,X,microservice,jwt,no,no,no,no,no,no,maven,no,,,X,OK,OK,NA,OK,FALSE,X,X,ExceptionHandlingAsyncTaskExecutor.java;ExceptionTranslator.java;,NA
418,jhipster209,,microservice,jwt,no,no,no,no,no,no,maven,no,,,X,OK,OK,NA,OK,FALSE,X,X,ExceptionHandlingAsyncTaskExecutor.java;ExceptionTranslator.java;,NA
419,jhipster210,X,monolith,jwt,hazelcast,hazelcast,spring-websocket,sql,mariadb,mariadb,maven,elasticsearch,X,X,,OK,OK,NA,OK,X,X,X,ExceptionHandlingAsyncTaskExecutor.java;ExceptionTranslator.java;,NA
420,jhipster210,,monolith,jwt,hazelcast,hazelcast,spring-websocket,sql,mariadb,mariadb,maven,elasticsearch,X,X,,OK,OK,NA,OK,X,X,X,ExceptionHandlingAsyncTaskExecutor.java;ExceptionTranslator.java;,NA
421,jhipster211,X,monolith,jwt,no,hazelcast,no,sql,mariadb,mariadb,gradle,no,,,,OK,OK,NA,KO,X,X,X,ExceptionHandlingAsyncTaskExecutor.java;ExceptionTranslator.java;,BUG:mariadbWithDocker
422,jhipster211,,monolith,jwt,no,hazelcast,no,sql,mariadb,mariadb,gradle,no,,,,OK,OK,NA,KO,X,X,X,ExceptionHandlingAsyncTaskExecutor.java;ExceptionTranslator.java;,BUG:mariadbWithGradle
423,jhipster212,X,monolith,jwt,no,hazelcast,spring-websocket,sql,DiskBased,mysql,maven,no,X,,X,OK,OK,NA,OK,X,X,X,ExceptionHandlingAsyncTaskExecutor.java;ExceptionTranslator.java;,NA
424,jhipster212,,monolith,jwt,no,hazelcast,spring-websocket,sql,DiskBased,mysql,maven,no,X,,X,OK,OK,NA,OK,X,X,X,ExceptionHandlingAsyncTaskExecutor.java;ExceptionTranslator.java;,NA
425,jhipster213,X,monolith,oauth2,ehcache,hazelcast,spring-websocket,sql,DiskBased,mysql,gradle,no,,X,,OK,OK,NA,KO,X,X,X,ExceptionHandlingAsyncTaskExecutor.java;ExceptionTranslator.java;,BUG:OAUTH2
426,jhipster213,,monolith,oauth2,ehcache,hazelcast,spring-websocket,sql,DiskBased,mysql,gradle,no,,X,,OK,OK,NA,OK,X,X,X,ExceptionHandlingAsyncTaskExecutor.java;ExceptionTranslator.java;,NA
427,jhipster214,X,monolith,oauth2,no,hazelcast,spring-websocket,sql,InMemory,mysql,gradle,elasticsearch,,X,X,OK,OK,NA,KO,X,X,X,ExceptionHandlingAsyncTaskExecutor.java;ExceptionTranslator.java;,BUG:OAUTH2
428,jhipster214,,monolith,oauth2,no,hazelcast,spring-websocket,sql,InMemory,mysql,gradle,elasticsearch,,X,X,OK,OK,NA,OK,X,X,X,ExceptionHandlingAsyncTaskExecutor.java;ExceptionTranslator.java;,NA
429,jhipster215,X,monolith,oauth2,hazelcast,no,spring-websocket,sql,mysql,mysql,gradle,no,,,,OK,OK,NA,KO,X,X,X,ExceptionHandlingAsyncTaskExecutor.java;ExceptionTranslator.java;,BUG:OAUTH2
430,jhipster215,,monolith,oauth2,hazelcast,no,spring-websocket,sql,mysql,mysql,gradle,no,,,,OK,OK,NA,OK,X,X,X,ExceptionHandlingAsyncTaskExecutor.java;ExceptionTranslator.java;,NA
431,jhipster216,X,monolith,session,no,no,no,sql,mariadb,mariadb,maven,no,,X,,OK,OK,NA,KO,X,X,X,ExceptionHandlingAsyncTaskExecutor.java;ExceptionTranslator.java;,BUG:mariadbWithDocker
432,jhipster216,,monolith,session,no,no,no,sql,mariadb,mariadb,maven,no,,X,,OK,OK,NA,OK,X,X,X,ExceptionHandlingAsyncTaskExecutor.java;ExceptionTranslator.java;,NA
433,jhipster217,X,monolith,jwt,hazelcast,hazelcast,no,sql,DiskBased,mariadb,gradle,no,,,X,OK,OK,NA,KO,X,X,X,ExceptionHandlingAsyncTaskExecutor.java;ExceptionTranslator.java;,BUG:mariadbWithDocker
434,jhipster217,,monolith,jwt,hazelcast,hazelcast,no,sql,DiskBased,mariadb,gradle,no,,,X,OK,OK,NA,KO,X,X,X,ExceptionHandlingAsyncTaskExecutor.java;ExceptionTranslator.java;,BUG:mariadbWithGradle
435,jhipster218,X,gateway,uaa,ehcache,no,spring-websocket,sql,DiskBased,postgresql,maven,elasticsearch,,X,X,OK,OK,NA,KO,X,X,X,ExceptionHandlingAsyncTaskExecutor.java;ExceptionTranslator.java;,BUG:UAAAuthenticationWithDocker
436,jhipster218,,gateway,uaa,ehcache,no,spring-websocket,sql,DiskBased,postgresql,maven,elasticsearch,,X,X,OK,OK,NA,KO,X,X,X,ExceptionHandlingAsyncTaskExecutor.java;ExceptionTranslator.java;,BUG:UAAAuthenticationWithEhcache
437,jhipster219,X,gateway,uaa,no,no,no,sql,DiskBased,mariadb,maven,no,,X,X,OK,OK,NA,KO,X,X,X,ExceptionHandlingAsyncTaskExecutor.java;ExceptionTranslator.java;,BUG:UAAAuthenticationWithDocker
438,jhipster219,,gateway,uaa,no,no,no,sql,DiskBased,mariadb,maven,no,,X,X,OK,OK,NA,KO,X,X,X,ExceptionHandlingAsyncTaskExecutor.java;ExceptionTranslator.java;,BUG:UAAAuthenticationWithEhcache
439,jhipster220,X,monolith,oauth2,hazelcast,no,spring-websocket,sql,InMemory,mariadb,maven,no,,X,,OK,OK,NA,KO,X,X,X,ExceptionHandlingAsyncTaskExecutor.java;ExceptionTranslator.java;,BUG:mariadbWithDocker
440,jhipster220,,monolith,oauth2,hazelcast,no,spring-websocket,sql,InMemory,mariadb,maven,no,,X,,OK,OK,NA,OK,X,X,X,ExceptionHandlingAsyncTaskExecutor.java;ExceptionTranslator.java;,NA
441,jhipster221,X,monolith,jwt,ehcache,no,no,sql,mysql,mysql,gradle,no,,X,X,OK,OK,NA,OK,X,X,X,ExceptionHandlingAsyncTaskExecutor.java;ExceptionTranslator.java;,NA
442,jhipster221,,monolith,jwt,ehcache,no,no,sql,mysql,mysql,gradle,no,,X,X,OK,OK,NA,OK,X,X,X,ExceptionHandlingAsyncTaskExecutor.java;ExceptionTranslator.java;,NA
443,jhipster222,X,monolith,jwt,no,no,no,sql,postgresql,postgresql,maven,no,,,X,OK,OK,NA,OK,X,X,X,ExceptionHandlingAsyncTaskExecutor.java;ExceptionTranslator.java;,NA
444,jhipster222,,monolith,jwt,no,no,no,sql,postgresql,postgresql,maven,no,,,X,OK,OK,NA,OK,X,X,X,ExceptionHandlingAsyncTaskExecutor.java;ExceptionTranslator.java;,NA
445,jhipster223,X,monolith,oauth2,ehcache,no,no,sql,InMemory,mariadb,maven,elasticsearch,,X,,OK,OK,NA,OK,X,X,X,ExceptionHandlingAsyncTaskExecutor.java;ExceptionTranslator.java;,NA
446,jhipster223,,monolith,oauth2,ehcache,no,no,sql,InMemory,mariadb,maven,elasticsearch,,X,,OK,OK,NA,OK,X,X,X,ExceptionHandlingAsyncTaskExecutor.java;ExceptionTranslator.java;,NA
447,jhipster224,X,monolith,jwt,no,hazelcast,no,sql,InMemory,mariadb,maven,no,X,,X,OK,OK,NA,KO,X,X,X,ExceptionHandlingAsyncTaskExecutor.java;ExceptionTranslator.java;,BUG:mariadbWithDocker
448,jhipster224,,monolith,jwt,no,hazelcast,no,sql,InMemory,mariadb,maven,no,X,,X,OK,OK,NA,OK,X,X,X,ExceptionHandlingAsyncTaskExecutor.java;ExceptionTranslator.java;,NA
449,jhipster225,X,gateway,jwt,ehcache,hazelcast,spring-websocket,sql,DiskBased,mysql,maven,no,,,,OK,OK,NA,OK,X,X,X,ExceptionHandlingAsyncTaskExecutor.java;ExceptionTranslator.java;,NA
450,jhipster225,,gateway,jwt,ehcache,hazelcast,spring-websocket,sql,DiskBased,mysql,maven,no,,,,OK,OK,NA,OK,X,X,X,ExceptionHandlingAsyncTaskExecutor.java;ExceptionTranslator.java;,NA
451,jhipster226,X,monolith,session,hazelcast,hazelcast,no,sql,mariadb,mariadb,gradle,elasticsearch,X,,,OK,OK,NA,KO,X,X,X,ExceptionHandlingAsyncTaskExecutor.java;ExceptionTranslator.java;,BUG:mariadbWithGradle
452,jhipster226,,monolith,session,hazelcast,hazelcast,no,sql,mariadb,mariadb,gradle,elasticsearch,X,,,OK,OK,NA,KO,X,X,X,ExceptionHandlingAsyncTaskExecutor.java;ExceptionTranslator.java;,BUG:mariadbWithGradle
453,jhipster227,X,microservice,jwt,ehcache,no,no,sql,InMemory,mariadb,gradle,no,,,,OK,OK,NA,KO,FALSE,X,X,ExceptionHandlingAsyncTaskExecutor.java;ExceptionTranslator.java;,BUG:mariadbWithGradle
454,jhipster227,,microservice,jwt,ehcache,no,no,sql,InMemory,mariadb,gradle,no,,,,OK,OK,NA,KO,FALSE,X,X,ExceptionHandlingAsyncTaskExecutor.java;ExceptionTranslator.java;,BUG:mariadbWithGradle
455,jhipster228,X,monolith,oauth2,ehcache,hazelcast,spring-websocket,sql,postgresql,postgresql,gradle,elasticsearch,,X,,OK,OK,NA,OK,X,X,X,ExceptionHandlingAsyncTaskExecutor.java;ExceptionTranslator.java;,NA
456,jhipster228,,monolith,oauth2,ehcache,hazelcast,spring-websocket,sql,postgresql,postgresql,gradle,elasticsearch,,X,,OK,OK,NA,OK,X,X,X,ExceptionHandlingAsyncTaskExecutor.java;ExceptionTranslator.java;,NA
457,jhipster229,X,monolith,session,ehcache,hazelcast,spring-websocket,sql,mariadb,mariadb,gradle,no,X,X,X,OK,OK,NA,KO,X,X,X,ExceptionHandlingAsyncTaskExecutor.java;ExceptionTranslator.java;,BUG:mariadbWithDocker
458,jhipster229,,monolith,session,ehcache,hazelcast,spring-websocket,sql,mariadb,mariadb,gradle,no,X,X,X,OK,OK,NA,KO,X,X,X,ExceptionHandlingAsyncTaskExecutor.java;ExceptionTranslator.java;,BUG:mariadbWithGradle
459,jhipster230,X,monolith,oauth2,hazelcast,hazelcast,no,sql,DiskBased,postgresql,maven,no,,,X,OK,OK,NA,OK,X,X,X,ExceptionHandlingAsyncTaskExecutor.java;ExceptionTranslator.java;,NA
460,jhipster230,,monolith,oauth2,hazelcast,hazelcast,no,sql,DiskBased,postgresql,maven,no,,,X,OK,OK,NA,OK,X,X,X,ExceptionHandlingAsyncTaskExecutor.java;ExceptionTranslator.java;,NA
461,jhipster231,X,gateway,jwt,ehcache,hazelcast,no,sql,mysql,mysql,gradle,elasticsearch,,X,,OK,OK,NA,OK,X,X,X,ExceptionHandlingAsyncTaskExecutor.java;ExceptionTranslator.java;,NA
462,jhipster231,,gateway,jwt,ehcache,hazelcast,no,sql,mysql,mysql,gradle,elasticsearch,,X,,OK,OK,NA,OK,X,X,X,ExceptionHandlingAsyncTaskExecutor.java;ExceptionTranslator.java;,NA
463,jhipster232,X,gateway,jwt,no,hazelcast,no,sql,mysql,mysql,maven,no,,,,OK,OK,NA,OK,X,X,X,ExceptionHandlingAsyncTaskExecutor.java;ExceptionTranslator.java;,NA
464,jhipster232,,gateway,jwt,no,hazelcast,no,sql,mysql,mysql,maven,no,,,,OK,OK,NA,OK,X,X,X,ExceptionHandlingAsyncTaskExecutor.java;ExceptionTranslator.java;,NA
465,jhipster233,X,monolith,jwt,ehcache,no,spring-websocket,sql,mysql,mysql,gradle,elasticsearch,,X,X,OK,OK,NA,OK,X,X,X,ExceptionHandlingAsyncTaskExecutor.java;ExceptionTranslator.java;,NA
466,jhipster233,,monolith,jwt,ehcache,no,spring-websocket,sql,mysql,mysql,gradle,elasticsearch,,X,X,OK,OK,NA,OK,X,X,X,ExceptionHandlingAsyncTaskExecutor.java;ExceptionTranslator.java;,NA
467,jhipster234,X,gateway,jwt,no,no,spring-websocket,sql,postgresql,postgresql,gradle,elasticsearch,,,X,OK,OK,NA,OK,X,X,X,ExceptionHandlingAsyncTaskExecutor.java;ExceptionTranslator.java;,NA
468,jhipster234,,gateway,jwt,no,no,spring-websocket,sql,postgresql,postgresql,gradle,elasticsearch,,,X,OK,OK,NA,OK,X,X,X,ExceptionHandlingAsyncTaskExecutor.java;ExceptionTranslator.java;,NA
469,jhipster235,X,uaa,uaa,no,no,no,sql,mysql,mysql,gradle,elasticsearch,,,X,OK,OK,NA,OK,FALSE,X,X,ExceptionHandlingAsyncTaskExecutor.java;ExceptionTranslator.java;,NA
470,jhipster235,,uaa,uaa,no,no,no,sql,mysql,mysql,gradle,elasticsearch,,,X,OK,OK,NA,OK,FALSE,X,X,ExceptionHandlingAsyncTaskExecutor.java;ExceptionTranslator.java;,NA
471,jhipster236,X,monolith,session,no,no,no,sql,DiskBased,postgresql,gradle,elasticsearch,,X,X,OK,OK,NA,OK,X,X,X,ExceptionHandlingAsyncTaskExecutor.java;ExceptionTranslator.java;,NA
472,jhipster236,,monolith,session,no,no,no,sql,DiskBased,postgresql,gradle,elasticsearch,,X,X,OK,OK,NA,OK,X,X,X,ExceptionHandlingAsyncTaskExecutor.java;ExceptionTranslator.java;,NA
473,jhipster237,X,monolith,session,no,no,no,sql,DiskBased,postgresql,maven,no,X,X,,OK,OK,NA,OK,X,X,X,ExceptionHandlingAsyncTaskExecutor.java;ExceptionTranslator.java;,NA
474,jhipster237,,monolith,session,no,no,no,sql,DiskBased,postgresql,maven,no,X,X,,OK,OK,NA,OK,X,X,X,ExceptionHandlingAsyncTaskExecutor.java;ExceptionTranslator.java;,NA
475,jhipster238,X,gateway,jwt,ehcache,hazelcast,spring-websocket,sql,DiskBased,mysql,gradle,no,,X,X,OK,OK,NA,OK,X,X,X,ExceptionHandlingAsyncTaskExecutor.java;ExceptionTranslator.java;,NA
476,jhipster238,,gateway,jwt,ehcache,hazelcast,spring-websocket,sql,DiskBased,mysql,gradle,no,,X,X,OK,OK,NA,OK,X,X,X,ExceptionHandlingAsyncTaskExecutor.java;ExceptionTranslator.java;,NA
477,jhipster239,X,monolith,session,ehcache,hazelcast,no,sql,mysql,mysql,maven,elasticsearch,,,,OK,OK,NA,OK,X,X,X,ExceptionHandlingAsyncTaskExecutor.java;ExceptionTranslator.java;,NA
478,jhipster239,,monolith,session,ehcache,hazelcast,no,sql,mysql,mysql,maven,elasticsearch,,,,OK,OK,NA,OK,X,X,X,ExceptionHandlingAsyncTaskExecutor.java;ExceptionTranslator.java;,NA
479,jhipster240,X,monolith,jwt,ehcache,hazelcast,spring-websocket,sql,DiskBased,mysql,maven,no,X,X,,OK,OK,NA,OK,X,X,X,ExceptionHandlingAsyncTaskExecutor.java;ExceptionTranslator.java;,NA
480,jhipster240,,monolith,jwt,ehcache,hazelcast,spring-websocket,sql,DiskBased,mysql,maven,no,X,X,,OK,OK,NA,OK,X,X,X,ExceptionHandlingAsyncTaskExecutor.java;ExceptionTranslator.java;,NA
481,jhipster241,X,monolith,oauth2,no,no,spring-websocket,sql,mariadb,mariadb,maven,no,,X,X,OK,OK,NA,KO,X,X,X,ExceptionHandlingAsyncTaskExecutor.java;ExceptionTranslator.java;,BUG:mariadbWithDocker
482,jhipster241,,monolith,oauth2,no,no,spring-websocket,sql,mariadb,mariadb,maven,no,,X,X,OK,OK,NA,OK,X,X,X,ExceptionHandlingAsyncTaskExecutor.java;ExceptionTranslator.java;,NA
483,jhipster242,X,monolith,jwt,hazelcast,no,no,sql,InMemory,postgresql,gradle,elasticsearch,X,,X,OK,OK,NA,OK,X,X,X,ExceptionHandlingAsyncTaskExecutor.java;ExceptionTranslator.java;,NA
484,jhipster242,,monolith,jwt,hazelcast,no,no,sql,InMemory,postgresql,gradle,elasticsearch,X,,X,OK,OK,NA,OK,X,X,X,ExceptionHandlingAsyncTaskExecutor.java;ExceptionTranslator.java;,NA
485,jhipster243,X,gateway,uaa,ehcache,hazelcast,no,sql,InMemory,mariadb,maven,elasticsearch,,,X,OK,OK,NA,KO,X,X,X,ExceptionHandlingAsyncTaskExecutor.java;ExceptionTranslator.java;,BUG:UAAAuthenticationWithDocker
486,jhipster243,,gateway,uaa,ehcache,hazelcast,no,sql,InMemory,mariadb,maven,elasticsearch,,,X,OK,OK,NA,KO,X,X,X,ExceptionHandlingAsyncTaskExecutor.java;ExceptionTranslator.java;,BUG:UAAAuthenticationWithEhcache
487,jhipster244,X,monolith,oauth2,no,hazelcast,no,sql,InMemory,mariadb,maven,elasticsearch,,X,X,OK,OK,NA,KO,X,X,X,ExceptionHandlingAsyncTaskExecutor.java;ExceptionTranslator.java;,BUG:OAUTH2
488,jhipster244,,monolith,oauth2,no,hazelcast,no,sql,InMemory,mariadb,maven,elasticsearch,,X,X,OK,OK,NA,OK,X,X,X,ExceptionHandlingAsyncTaskExecutor.java;ExceptionTranslator.java;,NA
489,jhipster245,X,monolith,jwt,ehcache,no,spring-websocket,sql,DiskBased,mysql,maven,no,,,,OK,OK,NA,OK,X,X,X,ExceptionHandlingAsyncTaskExecutor.java;ExceptionTranslator.java;,NA
490,jhipster245,,monolith,jwt,ehcache,no,spring-websocket,sql,DiskBased,mysql,maven,no,,,,OK,OK,NA,OK,X,X,X,ExceptionHandlingAsyncTaskExecutor.java;ExceptionTranslator.java;,NA
491,jhipster246,X,monolith,session,no,no,no,sql,mysql,mysql,gradle,elasticsearch,,X,X,OK,OK,NA,OK,X,X,X,ExceptionHandlingAsyncTaskExecutor.java;ExceptionTranslator.java;,NA
492,jhipster246,,monolith,session,no,no,no,sql,mysql,mysql,gradle,elasticsearch,,X,X,OK,OK,NA,OK,X,X,X,ExceptionHandlingAsyncTaskExecutor.java;ExceptionTranslator.java;,NA
493,jhipster247,X,monolith,oauth2,ehcache,no,spring-websocket,sql,InMemory,mariadb,gradle,no,,X,X,OK,OK,NA,KO,X,X,X,ExceptionHandlingAsyncTaskExecutor.java;ExceptionTranslator.java;,BUG:mariadbWithDocker
494,jhipster247,,monolith,oauth2,ehcache,no,spring-websocket,sql,InMemory,mariadb,gradle,no,,X,X,OK,OK,NA,KO,X,X,X,ExceptionHandlingAsyncTaskExecutor.java;ExceptionTranslator.java;,BUG:mariadbWithGradle
495,jhipster248,X,monolith,session,hazelcast,no,spring-websocket,sql,InMemory,postgresql,maven,elasticsearch,,X,X,OK,OK,NA,OK,X,X,X,ExceptionHandlingAsyncTaskExecutor.java;ExceptionTranslator.java;,NA
496,jhipster248,,monolith,session,hazelcast,no,spring-websocket,sql,InMemory,postgresql,maven,elasticsearch,,X,X,OK,OK,NA,OK,X,X,X,ExceptionHandlingAsyncTaskExecutor.java;ExceptionTranslator.java;,NA
497,jhipster249,X,monolith,session,hazelcast,hazelcast,no,sql,postgresql,postgresql,gradle,elasticsearch,X,X,,OK,OK,NA,OK,X,X,X,ExceptionHandlingAsyncTaskExecutor.java;ExceptionTranslator.java;,NA
498,jhipster249,,monolith,session,hazelcast,hazelcast,no,sql,postgresql,postgresql,gradle,elasticsearch,X,X,,OK,OK,NA,OK,X,X,X,ExceptionHandlingAsyncTaskExecutor.java;ExceptionTranslator.java;,NA
499,jhipster250,X,gateway,jwt,no,hazelcast,no,sql,DiskBased,mysql,maven,elasticsearch,,,X,OK,OK,NA,OK,X,X,X,ExceptionHandlingAsyncTaskExecutor.java;ExceptionTranslator.java;,NA
